Date,Wake-up Time,Sleep Duration (hrs),Meditation (mins),Exercise (mins),Breakfast Type,Journaling (Y/N),Work Start Time,Productivity Score (1-10),Mood,Notes
2023-02-01 10:21:52.870632,5:30 AM,6.6,20,60,Protein-rich,Yes,6:30 AM,6,Neutral,Collection whole decision middle.
2023-02-02 10:21:52.870632,8:15 AM,8,5,50,Heavy,No,11:15 AM,7,Happy,Tree player behavior various up such attention project.
2023-02-03 10:21:52.870632,8:30 AM,8.9,25,30,Carb-rich,Yes,10:30 AM,10,Happy,If hard focus nor trip forward change per.
2023-02-04 10:21:52.870632,5:00 AM,8.4,25,30,Skipped,Yes,7:00 AM,7,Happy,Physical threat federal with thing.
2023-02-05 10:21:52.870632,5:15 AM,8.2,25,30,Heavy,No,6:15 AM,10,Happy,Ground class Mr future.
2023-02-06 10:21:52.870632,7:15 AM,8.2,15,10,Skipped,No,8:15 AM,6,Neutral,Structure wife although.
2023-02-07 10:21:52.870632,4:30 AM,8.8,5,0,Skipped,No,6:30 AM,10,Happy,Hit hear night management.
2023-02-08 10:21:52.870632,6:45 AM,8.2,25,30,Skipped,Yes,9:45 AM,10,Happy,Southern fight stay final per.
2023-02-09 10:21:52.870632,7:45 AM,7,5,10,Heavy,Yes,8:45 AM,5,Neutral,Right address who might strong already whom.
2023-02-10 10:21:52.870632,4:15 AM,8.2,5,0,Heavy,No,5:15 AM,9,Happy,Skin impact happy.
2023-02-11 10:21:52.870632,4:15 AM,7.5,0,50,Heavy,Yes,7:15 AM,6,Neutral,American over far election determine could.
2023-02-12 10:21:52.870632,6:45 AM,7,5,20,Light,Yes,9:45 AM,7,Happy,Ten large window price far point.
2023-02-13 10:21:52.870632,8:15 AM,8.7,0,60,Heavy,Yes,11:15 AM,8,Happy,Build address development technology instead officer.
2023-02-14 10:21:52.870632,4:00 AM,5.4,10,30,Light,No,7:00 AM,2,Sad,A arrive store approach morning dark.
2023-02-15 10:21:52.870632,8:45 AM,7,5,0,Heavy,Yes,9:45 AM,6,Neutral,Bring person leave.
2023-02-16 10:21:52.870632,8:45 AM,7,30,20,Heavy,No,11:45 AM,7,Happy,Receive others across mother gun indeed coach military.
2023-02-17 10:21:52.870632,7:00 AM,6.8,5,0,Carb-rich,No,8:00 AM,6,Neutral,Consumer face policy bit.
2023-02-18 10:21:52.870632,9:45 AM,5.7,10,0,Protein-rich,Yes,12:45 PM,3,Sad,Nice star entire.
2023-02-19 10:21:52.870632,5:45 AM,5.8,30,20,Light,Yes,7:45 AM,5,Sad,Letter expert well center seven newspaper.
2023-02-20 10:21:52.870632,6:30 AM,6.7,20,20,Carb-rich,Yes,9:30 AM,3,Sad,Card small each himself defense third every.
2023-02-21 10:21:52.870632,9:00 AM,8.5,15,40,Carb-rich,No,11:00 AM,10,Happy,Information quite century sign.
2023-02-22 10:21:52.870632,4:00 AM,8.3,0,10,Carb-rich,Yes,7:00 AM,6,Neutral,Person executive opportunity a whose floor.
2023-02-23 10:21:52.870632,9:30 AM,5.2,10,20,Skipped,Yes,11:30 AM,3,Sad,Charge institution maintain late once enjoy its.
2023-02-24 10:21:52.870632,9:00 AM,8.1,15,20,Heavy,Yes,12:00 PM,7,Happy,Cup gas then plan theory take.
2023-02-25 10:21:52.870632,6:00 AM,7.8,0,0,Skipped,No,9:00 AM,7,Happy,Trial nice stage the popular later.
2023-02-26 10:21:52.870632,4:00 AM,7.7,15,20,Skipped,Yes,6:00 AM,5,Neutral,Effort set customer try.
2023-02-27 10:21:52.870632,4:15 AM,7.7,10,0,Heavy,No,5:15 AM,8,Happy,Charge quite decision response.
2023-02-28 10:21:52.870632,9:45 AM,6.1,0,30,Protein-rich,No,10:45 AM,4,Sad,Hand development claim answer federal fill.
2023-03-01 10:21:52.870632,6:15 AM,9,30,60,Heavy,Yes,8:15 AM,9,Happy,Dog want card sing tree set.
2023-03-02 10:21:52.870632,8:30 AM,6.7,30,40,Carb-rich,No,11:30 AM,5,Neutral,Buy each court.
2023-03-03 10:21:52.870632,5:00 AM,6.6,10,30,Light,Yes,8:00 AM,5,Neutral,Social glass forget city high themselves.
2023-03-04 10:21:52.870632,9:30 AM,6.5,15,60,Protein-rich,Yes,11:30 AM,5,Neutral,Report job safe energy purpose.
2023-03-05 10:21:52.870632,5:00 AM,5.1,20,40,Heavy,No,8:00 AM,3,Sad,Since set back among job movement.
2023-03-06 10:21:52.870632,4:00 AM,6.7,10,0,Protein-rich,Yes,7:00 AM,4,Sad,Among cover she later plant.
2023-03-07 10:21:52.870632,4:15 AM,5.4,25,20,Protein-rich,No,7:15 AM,3,Sad,Cause play next read indicate.
2023-03-08 10:21:52.870632,4:45 AM,5.6,30,40,Carb-rich,No,5:45 AM,3,Sad,Pressure agent determine reach.
2023-03-09 10:21:52.870632,9:00 AM,5.7,0,20,Light,No,12:00 PM,2,Sad,Recognize sing challenge fine stuff yard though.
2023-03-10 10:21:52.870632,4:30 AM,7,20,50,Protein-rich,No,6:30 AM,8,Happy,Born above year beautiful hold pay.
2023-03-11 10:21:52.870632,6:45 AM,8,0,20,Light,Yes,8:45 AM,8,Happy,Relate who eight employee war member material.
2023-03-12 10:21:52.870632,6:00 AM,5.9,20,30,Heavy,Yes,8:00 AM,5,Sad,Represent herself lead leg.
2023-03-13 10:21:52.870632,9:45 AM,7.8,10,40,Heavy,No,12:45 PM,9,Happy,Thing black base eat quality home others.
2023-03-14 10:21:52.870632,5:30 AM,6.1,0,40,Skipped,Yes,7:30 AM,4,Sad,Anyone daughter course than course.
2023-03-15 10:21:52.870632,5:30 AM,5.3,10,10,Skipped,Yes,7:30 AM,3,Sad,Its garden especially east.
2023-03-16 10:21:52.870632,6:30 AM,5.2,10,20,Light,Yes,9:30 AM,2,Sad,Third true ask impact.
2023-03-17 10:21:52.870632,8:45 AM,8.4,10,20,Light,No,9:45 AM,6,Neutral,Affect home agree rule television recent just.
2023-03-18 10:21:52.870632,8:00 AM,7.3,10,10,Heavy,Yes,10:00 AM,7,Happy,Character next party direction.
2023-03-19 10:21:52.870632,5:00 AM,5.6,0,50,Carb-rich,Yes,7:00 AM,2,Sad,The decision amount party why.
2023-03-20 10:21:52.870632,4:00 AM,7.4,0,20,Carb-rich,Yes,6:00 AM,5,Neutral,Moment wish professor rather factor world small.
2023-03-21 10:21:52.870632,4:00 AM,8.8,30,50,Heavy,No,7:00 AM,10,Happy,Fill set provide office meet.
2023-03-22 10:21:52.870632,6:00 AM,8.2,5,50,Skipped,No,9:00 AM,7,Happy,Who work project impact form fight region free.
2023-03-23 10:21:52.870632,8:00 AM,8.6,25,60,Heavy,No,11:00 AM,7,Happy,Try party why worry which.
2023-03-24 10:21:52.870632,6:45 AM,7.5,5,50,Light,Yes,9:45 AM,9,Happy,Because hundred news yourself life position.
2023-03-25 10:21:52.870632,5:15 AM,6.1,15,50,Protein-rich,Yes,7:15 AM,7,Neutral,Someone require station for relationship control religious.
2023-03-26 10:21:52.870632,7:00 AM,8,0,0,Protein-rich,No,8:00 AM,4,Sad,Street money talk sure too.
2023-03-27 10:21:52.870632,9:00 AM,5.4,15,40,Light,Yes,12:00 PM,6,Sad,Away police left.
2023-03-28 10:21:52.870632,9:30 AM,5.3,15,60,Skipped,No,11:30 AM,4,Sad,Clearly generation sell free something.
2023-03-29 10:21:52.870632,9:45 AM,6.8,10,40,Light,Yes,10:45 AM,5,Neutral,Build kid live himself investment edge someone.
2023-03-30 10:21:52.870632,8:00 AM,8,0,0,Protein-rich,Yes,10:00 AM,6,Neutral,Suddenly support surface offer painting allow life police.
2023-03-31 10:21:52.870632,6:00 AM,7.1,15,20,Skipped,Yes,9:00 AM,4,Sad,Though song wrong your stand teach.
2023-04-01 10:21:52.870632,8:45 AM,6.7,20,50,Protein-rich,No,10:45 AM,5,Neutral,Law wrong fly simple manager plan well establish.
2023-04-02 10:21:52.870632,6:00 AM,6,0,50,Light,Yes,9:00 AM,4,Sad,Trouble market police beyond nearly but everyone.
2023-04-03 10:21:52.870632,5:30 AM,6.3,0,30,Protein-rich,No,7:30 AM,6,Neutral,Treatment step performance soon lead nation.
2023-04-04 10:21:52.870632,8:00 AM,6.6,30,20,Carb-rich,Yes,10:00 AM,5,Neutral,Red appear level another respond then huge.
2023-04-05 10:21:52.870632,5:30 AM,7.1,25,0,Heavy,No,6:30 AM,5,Neutral,Take present from buy beat field that.
2023-04-06 10:21:52.870632,6:45 AM,7,5,60,Light,Yes,9:45 AM,5,Neutral,Year fine paper view teach rich Republican.
2023-04-07 10:21:52.870632,7:45 AM,5.9,20,50,Light,No,9:45 AM,7,Sad,Certainly agree east work trip suddenly economic.
2023-04-08 10:21:52.870632,5:30 AM,6.6,25,10,Skipped,Yes,8:30 AM,4,Sad,Write kid despite pull police need hold.
2023-04-09 10:21:52.870632,7:30 AM,6,30,20,Heavy,Yes,9:30 AM,5,Neutral,Son late hour focus seven agent window soon.
2023-04-10 10:21:52.870632,4:45 AM,7.5,10,50,Protein-rich,Yes,6:45 AM,6,Neutral,Public special sing total.
2023-04-11 10:21:52.870632,9:30 AM,6.2,25,30,Carb-rich,No,10:30 AM,7,Neutral,Son third least year land live.
2023-04-12 10:21:52.870632,4:45 AM,8.8,30,50,Skipped,No,5:45 AM,8,Happy,Add coach range someone worker eight most walk.
2023-04-13 10:21:52.870632,9:45 AM,7,5,40,Light,No,10:45 AM,5,Neutral,Court ability admit I.
2023-04-14 10:21:52.870632,5:30 AM,8.5,10,30,Skipped,No,6:30 AM,9,Happy,Exist sometimes dream business call program.
2023-04-15 10:21:52.870632,8:30 AM,5.1,30,60,Carb-rich,Yes,9:30 AM,3,Sad,Stay agree someone thus example democratic whom.
2023-04-16 10:21:52.870632,4:15 AM,5.5,25,50,Heavy,No,5:15 AM,5,Sad,It school court often.
2023-04-17 10:21:52.870632,5:30 AM,8.1,15,20,Heavy,No,7:30 AM,7,Happy,Need produce toward yeah through fall.
2023-04-18 10:21:52.870632,8:45 AM,5.1,15,60,Skipped,Yes,9:45 AM,2,Sad,Concern leader group various.
2023-04-19 10:21:52.870632,5:00 AM,8.8,25,40,Carb-rich,No,7:00 AM,8,Happy,Outside watch win deal section simple.
2023-04-20 10:21:52.870632,5:30 AM,5.1,25,60,Light,No,6:30 AM,5,Sad,Them fast realize up laugh night.
2023-04-21 10:21:52.870632,5:30 AM,5.5,15,10,Heavy,Yes,6:30 AM,4,Sad,Mrs write job commercial black.
2023-04-22 10:21:52.870632,5:15 AM,7,20,0,Carb-rich,Yes,8:15 AM,5,Neutral,Thus bring involve child send conference citizen smile.
2023-04-23 10:21:52.870632,8:00 AM,7.8,20,30,Heavy,No,11:00 AM,6,Neutral,Fill hot war give position off perhaps.
2023-04-24 10:21:52.870632,4:30 AM,6.5,20,60,Protein-rich,No,6:30 AM,6,Neutral,Difficult trip side speech.
2023-04-25 10:21:52.870632,9:00 AM,5.8,15,60,Skipped,Yes,10:00 AM,5,Sad,Office government middle most class set.
2023-04-26 10:21:52.870632,4:45 AM,6.4,20,20,Heavy,No,7:45 AM,4,Sad,Major kitchen affect dog.
2023-04-27 10:21:52.870632,7:00 AM,8.4,0,50,Protein-rich,Yes,9:00 AM,9,Happy,Sound everybody produce professional member training room material.
2023-04-28 10:21:52.870632,7:30 AM,7.8,0,10,Heavy,Yes,10:30 AM,7,Happy,One wear wall despite voice.
2023-04-29 10:21:52.870632,4:00 AM,6.4,25,10,Heavy,No,6:00 AM,3,Sad,Particular per writer recent.
2023-04-30 10:21:52.870632,5:45 AM,6.8,30,60,Carb-rich,Yes,8:45 AM,8,Neutral,Detail wall meeting even.
2023-05-01 10:21:52.870632,9:15 AM,7.5,25,50,Carb-rich,Yes,12:15 PM,7,Happy,Stage language half could purpose need account.
2023-05-02 10:21:52.870632,6:00 AM,8.3,10,50,Heavy,No,8:00 AM,7,Happy,Employee factor war piece college college.
2023-05-03 10:21:52.870632,9:00 AM,7,0,20,Heavy,No,12:00 PM,5,Neutral,Air outside eight garden sort.
2023-05-04 10:21:52.870632,6:15 AM,8.6,20,10,Protein-rich,No,7:15 AM,8,Happy,Back write face for response character.
2023-05-05 10:21:52.870632,6:45 AM,6.8,20,40,Protein-rich,No,8:45 AM,4,Sad,Daughter action lose among else spring through student.
2023-05-06 10:21:52.870632,7:30 AM,5.6,20,40,Carb-rich,No,8:30 AM,3,Sad,Hope boy door.
2023-05-07 10:21:52.870632,5:30 AM,8.9,30,0,Skipped,No,7:30 AM,7,Happy,Above charge course study.
2023-05-08 10:21:52.870632,6:45 AM,8,15,30,Skipped,Yes,9:45 AM,7,Happy,East go without go someone another east.
2023-05-09 10:21:52.870632,6:15 AM,5.9,10,50,Protein-rich,No,9:15 AM,3,Sad,Seat next news.
2023-05-10 10:21:52.870632,6:45 AM,6.1,20,60,Light,No,7:45 AM,6,Neutral,Impact develop available reach begin large decision.
2023-05-11 10:21:52.870632,5:45 AM,7.1,15,20,Protein-rich,Yes,6:45 AM,4,Sad,Rest word help glass Republican.
2023-05-12 10:21:52.870632,4:00 AM,7.4,0,20,Skipped,No,6:00 AM,4,Sad,Home deep camera Republican lay.
2023-05-13 10:21:52.870632,8:00 AM,5.8,15,10,Skipped,No,9:00 AM,6,Sad,Spend school up but name parent him.
2023-05-14 10:21:52.870632,4:45 AM,5.7,20,60,Light,Yes,6:45 AM,5,Sad,Resource over follow seven develop then.
2023-05-15 10:21:52.870632,4:45 AM,5.7,30,30,Skipped,Yes,5:45 AM,5,Sad,Court reality take enough with.
2023-05-16 10:21:52.870632,9:30 AM,6.2,5,50,Skipped,Yes,11:30 AM,7,Neutral,Ground suddenly culture.
2023-05-17 10:21:52.870632,9:00 AM,7.2,20,10,Heavy,Yes,12:00 PM,4,Sad,Range expect certainly.
2023-05-18 10:21:52.870632,5:15 AM,7.2,20,30,Protein-rich,No,6:15 AM,6,Neutral,Teach key film war add forward rate.
2023-05-19 10:21:52.870632,4:15 AM,5.2,30,20,Light,No,6:15 AM,5,Sad,Southern arm newspaper city.
2023-05-20 10:21:52.870632,8:00 AM,7,15,0,Carb-rich,Yes,10:00 AM,7,Happy,Perform difference sound news lay keep center.
2023-05-21 10:21:52.870632,7:30 AM,6.6,20,60,Skipped,Yes,10:30 AM,5,Neutral,Team sing stand school travel traditional personal police.
2023-05-22 10:21:52.870632,6:45 AM,7.7,30,20,Skipped,No,8:45 AM,5,Neutral,Could senior start.
2023-05-23 10:21:52.870632,6:45 AM,8.6,0,50,Skipped,Yes,7:45 AM,6,Neutral,Responsibility each film size season.
2023-05-24 10:21:52.870632,6:45 AM,7.1,25,60,Carb-rich,No,8:45 AM,5,Neutral,Improve policy assume likely.
2023-05-25 10:21:52.870632,6:45 AM,5,5,20,Light,No,7:45 AM,1,Sad,Professional I loss second table tax.
2023-05-26 10:21:52.870632,5:45 AM,7.1,0,0,Protein-rich,Yes,7:45 AM,4,Sad,Center through campaign discover.
2023-05-27 10:21:52.870632,7:30 AM,7.6,5,20,Protein-rich,Yes,9:30 AM,5,Neutral,Because old agent teach position.
2023-05-28 10:21:52.870632,4:45 AM,6.9,20,30,Light,No,5:45 AM,7,Neutral,Share our child property pull never.
2023-05-29 10:21:52.870632,9:00 AM,8.5,20,0,Protein-rich,Yes,10:00 AM,6,Neutral,Finish head let pull.
2023-05-30 10:21:52.870632,6:45 AM,5.2,0,50,Skipped,No,7:45 AM,1,Sad,Apply apply common consumer red without.
2023-05-31 10:21:52.870632,9:00 AM,6.3,0,30,Heavy,Yes,12:00 PM,3,Sad,Measure check task.
2023-06-01 10:21:52.870632,9:15 AM,8.1,20,20,Carb-rich,No,12:15 PM,5,Neutral,Remember what final interesting job catch billion sea.
2023-06-02 10:21:52.870632,4:15 AM,8.7,10,10,Protein-rich,Yes,6:15 AM,6,Neutral,Charge role organization eight.
2023-06-03 10:21:52.870632,4:45 AM,7.7,30,50,Carb-rich,No,6:45 AM,6,Neutral,They fall fish water base.
2023-06-04 10:21:52.870632,5:45 AM,7.9,5,30,Heavy,No,7:45 AM,8,Happy,Thus life individual.
2023-06-05 10:21:52.870632,6:15 AM,6.6,20,50,Carb-rich,No,8:15 AM,7,Neutral,Dream whole near huge itself show begin.
2023-06-06 10:21:52.870632,8:00 AM,6,20,50,Protein-rich,No,11:00 AM,5,Neutral,Style oil sign wonder material admit.
2023-06-07 10:21:52.870632,5:00 AM,6.6,30,10,Carb-rich,No,6:00 AM,5,Neutral,Take talk all with day.
2023-06-08 10:21:52.870632,4:00 AM,5.9,20,20,Protein-rich,Yes,6:00 AM,3,Sad,Involve dinner they would we major approach indeed.
2023-06-09 10:21:52.870632,6:15 AM,5.6,15,40,Heavy,No,7:15 AM,3,Sad,It another strategy music everybody.
2023-06-10 10:21:52.870632,7:15 AM,6,30,10,Carb-rich,Yes,9:15 AM,3,Sad,Old find whom clear on.
2023-06-11 10:21:52.870632,6:45 AM,7.6,0,30,Heavy,Yes,7:45 AM,7,Happy,Week full follow eye.
2023-06-12 10:21:52.870632,8:00 AM,6.6,20,0,Protein-rich,Yes,9:00 AM,6,Neutral,Laugh age represent.
2023-06-13 10:21:52.870632,8:45 AM,7.9,5,50,Heavy,No,10:45 AM,6,Neutral,Above animal describe sound feeling prepare personal.
2023-06-14 10:21:52.870632,8:30 AM,8.1,20,60,Protein-rich,No,10:30 AM,7,Happy,Believe down role employee live plan lawyer.
2023-06-15 10:21:52.870632,5:15 AM,8.2,10,60,Carb-rich,No,6:15 AM,8,Happy,Bed religious nor rather.
2023-06-16 10:21:52.870632,5:00 AM,5.7,10,50,Skipped,Yes,7:00 AM,5,Sad,Expect new Mr ten test.
2023-06-17 10:21:52.870632,5:30 AM,6.1,25,0,Protein-rich,No,8:30 AM,4,Sad,Theory product country.
2023-06-18 10:21:52.870632,6:45 AM,6.5,0,50,Carb-rich,Yes,9:45 AM,3,Sad,Day whom two since well will.
2023-06-19 10:21:52.870632,5:15 AM,5.4,30,10,Carb-rich,Yes,7:15 AM,2,Sad,Player whatever run degree big.
2023-06-20 10:21:52.870632,7:15 AM,8,0,20,Skipped,No,8:15 AM,6,Neutral,Project day after once discussion.
2023-06-21 10:21:52.870632,6:30 AM,5.7,30,20,Heavy,Yes,7:30 AM,2,Sad,Tend economic teach goal improve song.
2023-06-22 10:21:52.870632,7:30 AM,7.4,0,0,Light,Yes,10:30 AM,6,Neutral,Project common blood each education.
2023-06-23 10:21:52.870632,5:30 AM,8.3,0,50,Light,No,6:30 AM,8,Happy,Continue dark expect their test.
2023-06-24 10:21:52.870632,6:00 AM,8.6,20,40,Carb-rich,No,9:00 AM,9,Happy,Stuff game would force condition.
2023-06-25 10:21:52.870632,9:45 AM,7,5,40,Skipped,No,10:45 AM,8,Happy,Claim stop professional mission thank positive how economy.
2023-06-26 10:21:52.870632,8:30 AM,5.9,30,50,Protein-rich,No,11:30 AM,5,Sad,Nation student hotel finally.
2023-06-27 10:21:52.870632,8:45 AM,7.5,15,10,Protein-rich,Yes,10:45 AM,7,Happy,Marriage sister ever dark.
2023-06-28 10:21:52.870632,9:30 AM,7.9,15,0,Skipped,No,10:30 AM,8,Happy,Environment with voice catch.
2023-06-29 10:21:52.870632,4:45 AM,6.4,25,60,Carb-rich,Yes,6:45 AM,5,Neutral,Form early staff better visit our music.
2023-06-30 10:21:52.870632,7:30 AM,6.2,30,50,Light,No,10:30 AM,4,Sad,World decide threat realize stage.
2023-07-01 10:21:52.870632,7:45 AM,7.4,25,50,Skipped,No,8:45 AM,8,Happy,Game wish so pass consider.
2023-07-02 10:21:52.870632,5:15 AM,8.7,25,10,Carb-rich,No,8:15 AM,6,Neutral,Time rate cover her husband.
2023-07-03 10:21:52.870632,5:45 AM,8.9,25,30,Skipped,No,6:45 AM,9,Happy,Produce score media continue control.
2023-07-04 10:21:52.870632,9:45 AM,7.6,30,40,Light,No,10:45 AM,6,Neutral,Time claim loss true deep.
2023-07-05 10:21:52.870632,9:15 AM,7.8,10,60,Carb-rich,Yes,10:15 AM,9,Happy,Fear even far social into small pressure hit.
2023-07-06 10:21:52.870632,4:30 AM,7.8,5,0,Carb-rich,Yes,5:30 AM,8,Happy,Son no care cause inside recent.
2023-07-07 10:21:52.870632,7:45 AM,5.6,5,60,Light,Yes,10:45 AM,5,Sad,Back response traditional computer carry.
2023-07-08 10:21:52.870632,5:30 AM,8,5,20,Skipped,No,6:30 AM,8,Happy,Skill economic floor term economic building.
2023-07-09 10:21:52.870632,5:15 AM,6.5,30,50,Heavy,Yes,6:15 AM,4,Sad,Result easy drop affect certain always.
2023-07-10 10:21:52.870632,5:30 AM,6.9,10,10,Skipped,No,8:30 AM,5,Neutral,Poor include after PM traditional like.
2023-07-11 10:21:52.870632,4:45 AM,6.2,30,0,Heavy,No,6:45 AM,6,Neutral,Agree true even mission third there.
2023-07-12 10:21:52.870632,7:00 AM,5,10,60,Carb-rich,Yes,8:00 AM,2,Sad,Run third coach size resource put.
2023-07-13 10:21:52.870632,6:30 AM,7.2,10,10,Protein-rich,Yes,9:30 AM,7,Happy,Person baby training.
2023-07-14 10:21:52.870632,6:30 AM,6.7,30,50,Heavy,No,9:30 AM,6,Neutral,Ready marriage top war board.
2023-07-15 10:21:52.870632,9:30 AM,7.9,5,0,Carb-rich,No,11:30 AM,7,Happy,Do speech then among personal last board.
2023-07-16 10:21:52.870632,4:45 AM,5.9,30,0,Protein-rich,No,7:45 AM,4,Sad,Five development ago traditional mind company sing.
2023-07-17 10:21:52.870632,9:45 AM,8.2,25,60,Heavy,Yes,10:45 AM,10,Happy,Doctor paper region their.
2023-07-18 10:21:52.870632,8:30 AM,5.9,5,0,Skipped,No,11:30 AM,5,Sad,Fund company yard back write position research.
2023-07-19 10:21:52.870632,6:30 AM,6.5,25,40,Protein-rich,Yes,8:30 AM,8,Neutral,As war our sometimes expert anyone mind.
2023-07-20 10:21:52.870632,9:45 AM,5,30,10,Protein-rich,No,12:45 PM,1,Sad,Under race should gun coach.
2023-07-21 10:21:52.870632,6:30 AM,5.5,5,0,Carb-rich,No,7:30 AM,4,Sad,Head table security wall.
2023-07-22 10:21:52.870632,6:45 AM,5.3,15,30,Carb-rich,Yes,8:45 AM,3,Sad,Every learn rich report.
2023-07-23 10:21:52.870632,6:15 AM,7.3,25,60,Carb-rich,Yes,7:15 AM,5,Neutral,Hear join agree affect.
2023-07-24 10:21:52.870632,8:15 AM,7.7,15,40,Heavy,Yes,11:15 AM,7,Happy,Plant strategy different cover.
2023-07-25 10:21:52.870632,6:30 AM,5.7,30,10,Protein-rich,Yes,8:30 AM,4,Sad,Protect line affect image own according various.
2023-07-26 10:21:52.870632,6:30 AM,5,20,40,Heavy,No,8:30 AM,2,Sad,Simply choose notice enjoy last along feeling onto.
2023-07-27 10:21:52.870632,6:15 AM,8.5,20,60,Protein-rich,No,8:15 AM,10,Happy,Field eye through radio any.
2023-07-28 10:21:52.870632,6:00 AM,6.2,20,40,Light,No,7:00 AM,6,Neutral,Effect special debate wide market TV.
2023-07-29 10:21:52.870632,8:45 AM,8.6,20,20,Light,No,10:45 AM,8,Happy,Southern process health professional.
2023-07-30 10:21:52.870632,8:45 AM,6.1,20,20,Heavy,Yes,9:45 AM,3,Sad,Try foreign force well wear test because.
2023-07-31 10:21:52.870632,9:45 AM,8.1,20,20,Skipped,Yes,12:45 PM,7,Happy,Series book fast usually indicate phone parent return.
2023-08-01 10:21:52.870632,8:45 AM,7.4,0,20,Heavy,No,10:45 AM,4,Sad,Break impact character rock.
2023-08-02 10:21:52.870632,4:45 AM,8.6,20,10,Protein-rich,Yes,5:45 AM,9,Happy,Why teach add section wish pretty.
2023-08-03 10:21:52.870632,6:15 AM,7.1,20,20,Heavy,Yes,9:15 AM,5,Neutral,Ahead themselves perhaps great program process.
2023-08-04 10:21:52.870632,7:45 AM,7.7,5,10,Carb-rich,Yes,9:45 AM,7,Happy,Trouble conference north include moment care ahead.
2023-08-05 10:21:52.870632,6:30 AM,6.4,25,0,Carb-rich,Yes,7:30 AM,6,Neutral,Against bed teach former hospital.
2023-08-06 10:21:52.870632,4:00 AM,8,15,50,Light,Yes,5:00 AM,9,Happy,Bank cost attack much sure.
2023-08-07 10:21:52.870632,7:45 AM,5.3,15,30,Protein-rich,Yes,10:45 AM,2,Sad,Force me hope.
2023-08-08 10:21:52.870632,7:00 AM,7.6,15,0,Skipped,No,8:00 AM,8,Happy,To there father.
2023-08-09 10:21:52.870632,4:00 AM,8.3,0,50,Heavy,No,5:00 AM,6,Neutral,Break option short million.
2023-08-10 10:21:52.870632,7:45 AM,8.7,10,20,Carb-rich,Yes,9:45 AM,8,Happy,Tend grow study do try young future.
2023-08-11 10:21:52.870632,9:00 AM,6.4,30,0,Protein-rich,Yes,11:00 AM,3,Sad,Sense town material strong painting newspaper himself.
2023-08-12 10:21:52.870632,9:45 AM,6.7,5,10,Protein-rich,No,11:45 AM,5,Neutral,Which subject imagine face necessary let someone.
2023-08-13 10:21:52.870632,7:30 AM,9,10,60,Skipped,No,9:30 AM,10,Happy,Soldier against part today former great two.
2023-08-14 10:21:52.870632,7:00 AM,5.5,20,40,Carb-rich,Yes,9:00 AM,5,Sad,Church certain during seat provide alone west amount.
2023-08-15 10:21:52.870632,9:30 AM,8.3,20,50,Light,Yes,11:30 AM,8,Happy,Mention security better.
2023-08-16 10:21:52.870632,5:15 AM,8.2,20,50,Heavy,No,7:15 AM,6,Neutral,Spend once campaign so kind best part idea.
2023-08-17 10:21:52.870632,6:45 AM,8.9,30,60,Carb-rich,Yes,8:45 AM,10,Happy,Design nearly real indicate production.
2023-08-18 10:21:52.870632,9:30 AM,7,30,10,Skipped,No,11:30 AM,7,Happy,Finish red color table case summer.
2023-08-19 10:21:52.870632,4:45 AM,8.9,15,20,Light,Yes,6:45 AM,10,Happy,Car a threat matter old everybody.
2023-08-20 10:21:52.870632,7:30 AM,5.9,25,30,Heavy,Yes,8:30 AM,6,Sad,Include against song first debate economy.
2023-08-21 10:21:52.870632,5:00 AM,5.5,15,0,Carb-rich,Yes,7:00 AM,3,Sad,Modern city school onto.
2023-08-22 10:21:52.870632,6:30 AM,6.6,10,20,Skipped,No,7:30 AM,4,Sad,Safe mission break simply.
2023-08-23 10:21:52.870632,8:00 AM,8.4,0,20,Protein-rich,No,9:00 AM,7,Happy,Drop although cost major.
2023-08-24 10:21:52.870632,6:45 AM,7.9,25,0,Heavy,Yes,9:45 AM,6,Neutral,Black do thought.
2023-08-25 10:21:52.870632,6:00 AM,5.3,0,40,Carb-rich,No,8:00 AM,2,Sad,World upon bit under its region.
2023-08-26 10:21:52.870632,4:45 AM,5.5,30,20,Protein-rich,Yes,7:45 AM,5,Sad,Increase lawyer practice guy.
2023-08-27 10:21:52.870632,7:15 AM,5.2,20,50,Heavy,No,10:15 AM,2,Sad,Discover single address win American music once.
2023-08-28 10:21:52.870632,5:30 AM,8.2,10,40,Heavy,No,6:30 AM,8,Happy,Deep ok success nation increase relationship mouth.
2023-08-29 10:21:52.870632,9:00 AM,6.9,30,50,Light,No,12:00 PM,8,Neutral,Deep too yet scene cup.
2023-08-30 10:21:52.870632,4:00 AM,7.2,20,20,Light,Yes,7:00 AM,7,Happy,Meeting certainly still situation manager despite should.
2023-08-31 10:21:52.870632,6:15 AM,7.1,30,60,Protein-rich,Yes,7:15 AM,6,Neutral,Term detail whatever its.
2023-09-01 10:21:52.870632,5:45 AM,8.4,20,50,Heavy,Yes,6:45 AM,8,Happy,Sport ahead right director wear finish may.
2023-09-02 10:21:52.870632,7:00 AM,6.1,0,30,Carb-rich,Yes,9:00 AM,3,Sad,Only visit she parent.
2023-09-03 10:21:52.870632,4:00 AM,7.3,0,0,Protein-rich,No,5:00 AM,6,Neutral,Themselves fight film forward minute account career someone.
2023-09-04 10:21:52.870632,5:45 AM,6.7,5,0,Skipped,Yes,7:45 AM,3,Sad,Meet sure several require play under.
2023-09-05 10:21:52.870632,9:30 AM,7,0,20,Heavy,Yes,11:30 AM,5,Neutral,Write enter continue campaign.
2023-09-06 10:21:52.870632,9:45 AM,7.9,0,60,Skipped,No,10:45 AM,6,Neutral,Skin there whatever reduce.
2023-09-07 10:21:52.870632,5:15 AM,6,15,40,Skipped,Yes,7:15 AM,5,Neutral,True anything take card leader able last often.
2023-09-08 10:21:52.870632,8:45 AM,7,5,10,Skipped,No,10:45 AM,4,Sad,Seem somebody girl.
2023-09-09 10:21:52.870632,6:30 AM,7.9,15,20,Protein-rich,No,9:30 AM,8,Happy,Course politics end if away attention its character.
2023-09-10 10:21:52.870632,7:30 AM,5.4,15,50,Protein-rich,No,10:30 AM,5,Sad,Attack focus attention course affect.
2023-09-11 10:21:52.870632,9:45 AM,7.4,30,0,Light,No,10:45 AM,5,Neutral,Culture very politics.
2023-09-12 10:21:52.870632,5:00 AM,7.8,20,0,Heavy,Yes,6:00 AM,7,Happy,Computer instead yet degree figure tend gun.
2023-09-13 10:21:52.870632,9:45 AM,7.2,15,60,Light,Yes,12:45 PM,9,Happy,People career level difference however.
2023-09-14 10:21:52.870632,8:00 AM,6,25,30,Light,Yes,9:00 AM,3,Sad,Physical turn would prepare study policy evening.
2023-09-15 10:21:52.870632,6:15 AM,8.4,25,0,Carb-rich,Yes,7:15 AM,9,Happy,Involve ability toward data smile fund stage agree.
2023-09-16 10:21:52.870632,9:45 AM,5.2,10,60,Carb-rich,No,11:45 AM,3,Sad,Eye resource night.
2023-09-17 10:21:52.870632,6:45 AM,6.1,30,20,Heavy,No,8:45 AM,5,Neutral,Practice face physical almost.
2023-09-18 10:21:52.870632,8:15 AM,8,15,40,Carb-rich,Yes,9:15 AM,8,Happy,Face almost step improve mother provide.
2023-09-19 10:21:52.870632,6:45 AM,7.7,30,20,Protein-rich,Yes,9:45 AM,5,Neutral,Issue debate head material.
2023-09-20 10:21:52.870632,5:45 AM,5.7,0,50,Skipped,Yes,7:45 AM,5,Sad,Better defense offer chair phone.
2023-09-21 10:21:52.870632,6:00 AM,8.1,0,60,Skipped,No,9:00 AM,7,Happy,Great little price station.
2023-09-22 10:21:52.870632,9:30 AM,8.2,30,30,Skipped,No,11:30 AM,7,Happy,Create style action picture hundred.
2023-09-23 10:21:52.870632,7:45 AM,6.9,20,30,Protein-rich,No,9:45 AM,6,Neutral,Performance as chair sound soldier local accept.
2023-09-24 10:21:52.870632,8:30 AM,6.1,10,30,Carb-rich,No,11:30 AM,4,Sad,Purpose themselves true ask sure read.
2023-09-25 10:21:52.870632,5:15 AM,7.1,30,0,Skipped,Yes,6:15 AM,6,Neutral,Remember professor down say century student political.
2023-09-26 10:21:52.870632,6:15 AM,6.2,10,0,Heavy,Yes,7:15 AM,3,Sad,Low skill voice through relationship voice.
2023-09-27 10:21:52.870632,5:45 AM,7.5,10,10,Light,Yes,6:45 AM,5,Neutral,Edge pick water glass one statement.
2023-09-28 10:21:52.870632,6:15 AM,7.8,5,0,Carb-rich,No,8:15 AM,8,Happy,Whose will give stock.
2023-09-29 10:21:52.870632,7:45 AM,8.8,20,20,Heavy,Yes,8:45 AM,10,Happy,Resource answer teacher.
2023-09-30 10:21:52.870632,6:45 AM,6.3,10,60,Heavy,Yes,7:45 AM,5,Neutral,Now especially nation sea.
2023-10-01 10:21:52.870632,6:00 AM,8.7,25,50,Light,Yes,8:00 AM,10,Happy,Result million food also create.
2023-10-02 10:21:52.870632,6:00 AM,7.8,0,60,Light,Yes,9:00 AM,9,Happy,Explain product property newspaper my seat.
2023-10-03 10:21:52.870632,5:15 AM,5.9,30,10,Protein-rich,Yes,7:15 AM,2,Sad,Election special pull government.
2023-10-04 10:21:52.870632,8:45 AM,6.9,0,60,Skipped,Yes,11:45 AM,5,Neutral,Drug be heavy risk.
2023-10-05 10:21:52.870632,8:00 AM,5.5,5,50,Protein-rich,No,9:00 AM,3,Sad,White shoulder catch college responsibility set up.
2023-10-06 10:21:52.870632,9:45 AM,6.6,30,20,Heavy,Yes,10:45 AM,6,Neutral,Quality challenge week themselves true fall.
2023-10-07 10:21:52.870632,9:00 AM,8.1,5,40,Light,Yes,12:00 PM,9,Happy,Claim late maybe ball.
2023-10-08 10:21:52.870632,6:30 AM,9,10,60,Carb-rich,No,9:30 AM,9,Happy,Spring happen century protect.
2023-10-09 10:21:52.870632,9:15 AM,8.9,25,0,Heavy,Yes,11:15 AM,9,Happy,Bill unit role politics foot.
2023-10-10 10:21:52.870632,5:00 AM,8.3,30,20,Skipped,Yes,7:00 AM,9,Happy,Loss remember agree she work phone argue generation.
2023-10-11 10:21:52.870632,4:45 AM,7.5,10,30,Heavy,Yes,5:45 AM,8,Happy,While real half provide.
2023-10-12 10:21:52.870632,4:45 AM,6.4,20,30,Heavy,No,5:45 AM,7,Neutral,Per today enough against hear friend partner.
2023-10-13 10:21:52.870632,8:15 AM,8.2,5,0,Skipped,Yes,10:15 AM,9,Happy,Send lose others even hotel.
2023-10-14 10:21:52.870632,4:45 AM,8.9,30,60,Light,No,6:45 AM,10,Happy,Political special suddenly themselves.
2023-10-15 10:21:52.870632,9:30 AM,6.2,30,30,Light,Yes,10:30 AM,3,Sad,Through great sign by college.
2023-10-16 10:21:52.870632,6:15 AM,8.9,10,20,Carb-rich,No,8:15 AM,10,Happy,Pay set event through film light off.
2023-10-17 10:21:52.870632,8:15 AM,8.4,5,60,Protein-rich,No,9:15 AM,9,Happy,Keep see nearly analysis create.
2023-10-18 10:21:52.870632,4:45 AM,5.3,0,30,Light,No,6:45 AM,2,Sad,Add author go hospital.
2023-10-19 10:21:52.870632,7:00 AM,7.3,0,40,Skipped,Yes,9:00 AM,5,Neutral,Simply interview someone represent people fly deep.
2023-10-20 10:21:52.870632,9:15 AM,7.5,10,60,Skipped,Yes,11:15 AM,8,Happy,Bring significant area.
2023-10-21 10:21:52.870632,8:00 AM,6.2,20,0,Carb-rich,Yes,10:00 AM,5,Neutral,Many sell specific interesting present.
2023-10-22 10:21:52.870632,4:30 AM,6.4,0,60,Carb-rich,No,7:30 AM,5,Neutral,Physical nearly state recently stage million.
2023-10-23 10:21:52.870632,5:45 AM,8.3,0,60,Light,No,7:45 AM,6,Neutral,Research me keep network war different.
2023-10-24 10:21:52.870632,6:30 AM,5.6,25,20,Protein-rich,Yes,9:30 AM,3,Sad,Season door environmental whatever.
2023-10-25 10:21:52.870632,7:15 AM,7.1,25,30,Protein-rich,No,8:15 AM,7,Happy,Weight size nation recently.
2023-10-26 10:21:52.870632,7:15 AM,7,15,10,Heavy,No,10:15 AM,7,Happy,Study reality staff article.
2023-10-27 10:21:52.870632,8:30 AM,8.6,10,20,Heavy,No,11:30 AM,9,Happy,Method operation reality.
2023-10-28 10:21:52.870632,5:00 AM,5.3,15,40,Heavy,No,7:00 AM,4,Sad,Case purpose born give alone.
2023-10-29 10:21:52.870632,9:15 AM,8.6,0,10,Carb-rich,Yes,11:15 AM,6,Neutral,Window interesting once set tend economic.
2023-10-30 10:21:52.870632,9:00 AM,5,5,60,Protein-rich,No,12:00 PM,2,Sad,Else board foreign a environmental.
2023-10-31 10:21:52.870632,4:30 AM,5.2,0,20,Skipped,No,5:30 AM,1,Sad,Wear region manager land drug guess.
2023-11-01 10:21:52.870632,8:30 AM,6.1,25,50,Protein-rich,Yes,9:30 AM,4,Sad,Resource program consider mean.
2023-11-02 10:21:52.870632,7:30 AM,6.5,10,40,Skipped,Yes,8:30 AM,4,Sad,Pattern property citizen likely.
2023-11-03 10:21:52.870632,8:00 AM,5.7,0,0,Protein-rich,No,11:00 AM,1,Sad,Page oil show partner line area.
2023-11-04 10:21:52.870632,7:30 AM,7.1,0,40,Carb-rich,No,10:30 AM,6,Neutral,Safe would happy.
2023-11-05 10:21:52.870632,5:15 AM,5.1,20,30,Carb-rich,No,8:15 AM,2,Sad,Every professional common answer painting decision.
2023-11-06 10:21:52.870632,6:00 AM,6.1,5,40,Heavy,No,7:00 AM,5,Neutral,Wonder physical read campaign traditional.
2023-11-07 10:21:52.870632,6:15 AM,8.6,0,40,Heavy,No,8:15 AM,6,Neutral,Poor speech bag.
2023-11-08 10:21:52.870632,4:00 AM,8.5,20,50,Carb-rich,Yes,5:00 AM,8,Happy,Happen property time place fine.
2023-11-09 10:21:52.870632,5:30 AM,6.6,15,60,Carb-rich,No,6:30 AM,8,Neutral,Decision those effect school meet per factor.
2023-11-10 10:21:52.870632,8:45 AM,5.6,10,0,Heavy,No,10:45 AM,2,Sad,Operation bank skin.
2023-11-11 10:21:52.870632,4:45 AM,8.5,15,20,Protein-rich,Yes,5:45 AM,7,Happy,Get expect message sign course produce bed.
2023-11-12 10:21:52.870632,7:45 AM,7.8,0,0,Heavy,No,8:45 AM,5,Neutral,Trouble million smile cup various so.
2023-11-13 10:21:52.870632,4:45 AM,5.2,20,10,Skipped,No,6:45 AM,4,Sad,Trouble husband will side magazine wife take officer.
2023-11-14 10:21:52.870632,8:00 AM,5.7,5,50,Skipped,Yes,9:00 AM,3,Sad,That significant necessary thank end anyone.
2023-11-15 10:21:52.870632,6:00 AM,7.5,10,0,Heavy,Yes,7:00 AM,5,Neutral,Water reduce site allow.
2023-11-16 10:21:52.870632,6:00 AM,6.2,5,10,Protein-rich,Yes,7:00 AM,3,Sad,Send just others little meeting.
2023-11-17 10:21:52.870632,6:30 AM,6.1,15,20,Light,No,8:30 AM,6,Neutral,Only mission education true.
2023-11-18 10:21:52.870632,4:15 AM,8.3,5,60,Skipped,No,6:15 AM,8,Happy,High hospital law air.
2023-11-19 10:21:52.870632,7:30 AM,6.9,25,40,Protein-rich,No,9:30 AM,6,Neutral,Conference include standard.
2023-11-20 10:21:52.870632,4:30 AM,5.4,5,30,Carb-rich,No,6:30 AM,4,Sad,Play process subject hit law school.
2023-11-21 10:21:52.870632,6:15 AM,5.9,25,50,Heavy,Yes,8:15 AM,3,Sad,Already relationship water then room any.
2023-11-22 10:21:52.870632,7:45 AM,7.3,25,40,Skipped,Yes,9:45 AM,9,Happy,Vote ability window crime world suggest relationship director.
2023-11-23 10:21:52.870632,9:00 AM,7.4,10,10,Carb-rich,No,12:00 PM,7,Happy,Size plant front movie.
2023-11-24 10:21:52.870632,9:30 AM,8.5,0,10,Skipped,Yes,10:30 AM,8,Happy,Morning word return network.
2023-11-25 10:21:52.870632,9:45 AM,7.8,25,30,Light,Yes,11:45 AM,9,Happy,Throughout but phone ok.
2023-11-26 10:21:52.870632,6:15 AM,6.4,25,60,Heavy,No,9:15 AM,5,Neutral,Make hundred chair need.
2023-11-27 10:21:52.870632,5:45 AM,6.5,30,0,Heavy,Yes,6:45 AM,5,Neutral,Of education available guy paper letter baby open.
2023-11-28 10:21:52.870632,8:30 AM,6,10,30,Carb-rich,Yes,11:30 AM,3,Sad,Reach parent tell game two recent on.
2023-11-29 10:21:52.870632,7:15 AM,8.9,0,0,Skipped,No,8:15 AM,7,Happy,Seven fish deal.
2023-11-30 10:21:52.870632,5:00 AM,7.3,20,0,Carb-rich,No,7:00 AM,5,Neutral,Whatever serious story glass thing kind.
2023-12-01 10:21:52.870632,9:30 AM,5.6,30,20,Light,Yes,12:30 PM,2,Sad,Them old throughout what.
2023-12-02 10:21:52.870632,6:00 AM,8.7,5,60,Skipped,No,8:00 AM,8,Happy,Coach radio military perhaps nearly building not.
2023-12-03 10:21:52.870632,6:15 AM,5.9,0,20,Carb-rich,No,9:15 AM,5,Sad,Mean on environment own quality what lawyer.
2023-12-04 10:21:52.870632,5:00 AM,7.7,30,60,Light,Yes,8:00 AM,7,Happy,Sense today strategy dog quickly including.
2023-12-05 10:21:52.870632,6:30 AM,5.4,5,40,Heavy,Yes,8:30 AM,4,Sad,Resource help economy activity for indeed beyond.
2023-12-06 10:21:52.870632,4:45 AM,8.7,15,0,Heavy,No,6:45 AM,6,Neutral,Realize their prevent image data most base close.
2023-12-07 10:21:52.870632,5:15 AM,5.5,30,20,Carb-rich,Yes,6:15 AM,5,Sad,Fish effort appear four should whom rest.
2023-12-08 10:21:52.870632,4:00 AM,5.1,25,10,Skipped,No,6:00 AM,1,Sad,Standard rather garden store lose.
2023-12-09 10:21:52.870632,4:30 AM,6.4,10,40,Heavy,Yes,7:30 AM,6,Neutral,Attention set remember sell order.
2023-12-10 10:21:52.870632,4:45 AM,5.4,10,40,Carb-rich,Yes,6:45 AM,4,Sad,Hotel performance phone design result.
2023-12-11 10:21:52.870632,5:30 AM,7.3,10,0,Protein-rich,Yes,7:30 AM,7,Happy,Wrong theory protect work human.
2023-12-12 10:21:52.870632,9:45 AM,5.3,5,10,Heavy,No,10:45 AM,2,Sad,Certain authority writer get condition face.
2023-12-13 10:21:52.870632,9:45 AM,7.5,20,0,Carb-rich,Yes,12:45 PM,5,Neutral,Expert daughter property modern card concern.
2023-12-14 10:21:52.870632,8:00 AM,6.4,0,10,Protein-rich,No,11:00 AM,4,Sad,Head idea pick interesting which standard.
2023-12-15 10:21:52.870632,5:00 AM,8.1,30,60,Heavy,Yes,7:00 AM,10,Happy,Source large commercial according current special challenge.
2023-12-16 10:21:52.870632,4:45 AM,7.8,10,50,Heavy,Yes,5:45 AM,6,Neutral,Professional realize again capital.
2023-12-17 10:21:52.870632,4:30 AM,5.7,15,40,Skipped,No,6:30 AM,4,Sad,Like mission last run effort truth.
2023-12-18 10:21:52.870632,7:45 AM,5.4,15,0,Carb-rich,Yes,9:45 AM,5,Sad,Point expect arm recent.
2023-12-19 10:21:52.870632,8:30 AM,5.1,30,60,Skipped,Yes,9:30 AM,3,Sad,As me professor could indicate somebody book think.
2023-12-20 10:21:52.870632,5:15 AM,7.1,20,0,Heavy,Yes,7:15 AM,6,Neutral,Push cost analysis deal TV.
2023-12-21 10:21:52.870632,6:00 AM,9,20,30,Skipped,Yes,7:00 AM,9,Happy,Foot floor main unit team thank low magazine.
2023-12-22 10:21:52.870632,7:15 AM,5.8,30,40,Protein-rich,Yes,9:15 AM,3,Sad,Sing base population.
2023-12-23 10:21:52.870632,9:45 AM,6.8,25,0,Heavy,Yes,12:45 PM,7,Neutral,Military cost focus.
2023-12-24 10:21:52.870632,4:00 AM,8.2,15,10,Protein-rich,No,7:00 AM,6,Neutral,Decide into television treat figure black response begin.
2023-12-25 10:21:52.870632,7:45 AM,8,0,0,Heavy,Yes,9:45 AM,4,Sad,You kid small fish evidence term.
2023-12-26 10:21:52.870632,4:00 AM,7.9,15,10,Protein-rich,No,6:00 AM,9,Happy,Benefit final million music.
2023-12-27 10:21:52.870632,5:15 AM,6.6,15,60,Protein-rich,No,7:15 AM,6,Neutral,Bank take decide.
2023-12-28 10:21:52.870632,5:00 AM,6.4,5,50,Protein-rich,Yes,6:00 AM,7,Neutral,Support likely pay.
2023-12-29 10:21:52.870632,9:00 AM,8.4,10,20,Heavy,No,10:00 AM,7,Happy,According us owner its nearly baby politics.
2023-12-30 10:21:52.870632,7:15 AM,8.1,20,10,Protein-rich,Yes,10:15 AM,9,Happy,Matter she suggest question according hold now know.
2023-12-31 10:21:52.870632,9:30 AM,7.5,15,10,Light,No,11:30 AM,7,Happy,Them with great.
2024-01-01 10:21:52.870632,9:45 AM,7.5,0,50,Heavy,Yes,11:45 AM,7,Happy,Parent true we town sign task whom.
2024-01-02 10:21:52.870632,6:00 AM,6.1,10,60,Heavy,No,9:00 AM,7,Neutral,Design majority American tonight statement night court.
2024-01-03 10:21:52.870632,9:15 AM,7.4,15,20,Light,No,10:15 AM,8,Happy,Teach continue participant mean near paper.
2024-01-04 10:21:52.870632,6:45 AM,6.5,5,20,Light,Yes,9:45 AM,5,Neutral,Health blood million cut southern imagine.
2024-01-05 10:21:52.870632,6:45 AM,5.2,20,0,Heavy,Yes,7:45 AM,4,Sad,Maybe different purpose seek writer hard reduce.
2024-01-06 10:21:52.870632,5:15 AM,5.1,20,10,Skipped,Yes,8:15 AM,3,Sad,Pm dog send media board education.
2024-01-07 10:21:52.870632,7:00 AM,6,30,40,Carb-rich,No,8:00 AM,5,Neutral,Which reality letter hold between appear.
2024-01-08 10:21:52.870632,5:15 AM,7,30,40,Heavy,No,6:15 AM,6,Neutral,Method market them itself quality white similar according.
2024-01-09 10:21:52.870632,7:30 AM,7.8,10,50,Light,No,8:30 AM,9,Happy,Accept pressure chair performance voice theory big.
2024-01-10 10:21:52.870632,8:00 AM,5.6,10,60,Heavy,No,9:00 AM,6,Sad,Easy campaign good century fall.
2024-01-11 10:21:52.870632,8:15 AM,5.9,25,20,Skipped,No,10:15 AM,6,Sad,Rate if factor represent.
2024-01-12 10:21:52.870632,9:45 AM,7.2,25,0,Heavy,Yes,10:45 AM,5,Neutral,Place involve poor talk energy magazine avoid.
2024-01-13 10:21:52.870632,8:45 AM,7.2,25,10,Heavy,Yes,9:45 AM,5,Neutral,Beat discussion ahead.
2024-01-14 10:21:52.870632,4:15 AM,7.6,15,50,Carb-rich,No,6:15 AM,6,Neutral,Simple main site stop position.
2024-01-15 10:21:52.870632,6:15 AM,5.8,20,0,Skipped,Yes,9:15 AM,3,Sad,Themselves determine admit response city population serve.
2024-01-16 10:21:52.870632,4:15 AM,8.2,15,60,Heavy,No,6:15 AM,9,Happy,Pm financial board.
2024-01-17 10:21:52.870632,5:30 AM,7.1,5,40,Carb-rich,Yes,7:30 AM,5,Neutral,Someone try side nice sport.
2024-01-18 10:21:52.870632,7:00 AM,5.2,30,10,Protein-rich,Yes,8:00 AM,5,Sad,Effort fund certain whole keep second.
2024-01-19 10:21:52.870632,6:15 AM,7.2,15,10,Carb-rich,No,9:15 AM,5,Neutral,Include decision person purpose bar score.
2024-01-20 10:21:52.870632,5:15 AM,5.9,15,40,Light,Yes,8:15 AM,4,Sad,System anyone face often perhaps film situation.
2024-01-21 10:21:52.870632,6:45 AM,6,0,50,Heavy,Yes,9:45 AM,2,Sad,Heart example participant political station series.
2024-01-22 10:21:52.870632,9:45 AM,6,5,50,Heavy,No,12:45 PM,5,Neutral,Despite like compare member help century.
2024-01-23 10:21:52.870632,7:00 AM,8.7,20,50,Carb-rich,Yes,10:00 AM,10,Happy,Skill tough outside return who these apply.
2024-01-24 10:21:52.870632,6:00 AM,6.3,15,20,Heavy,Yes,9:00 AM,6,Neutral,Meeting standard accept surface.
2024-01-25 10:21:52.870632,6:15 AM,7.1,30,0,Skipped,No,7:15 AM,7,Happy,Cultural yet voice air set again exactly.
2024-01-26 10:21:52.870632,7:30 AM,5.1,5,10,Heavy,Yes,8:30 AM,1,Sad,Change night child catch exist down catch.
2024-01-27 10:21:52.870632,9:00 AM,5.6,10,0,Heavy,Yes,12:00 PM,5,Sad,Style better cell far enter fall.
2024-01-28 10:21:52.870632,5:15 AM,6.8,15,0,Heavy,No,8:15 AM,4,Sad,Near face gas through.
2024-01-29 10:21:52.870632,8:15 AM,7.8,25,40,Light,No,10:15 AM,6,Neutral,Late bring feel choice sometimes bill.
2024-01-30 10:21:52.870632,6:30 AM,8.6,30,60,Protein-rich,Yes,9:30 AM,9,Happy,Floor Republican one and chance.
2024-01-31 10:21:52.870632,4:00 AM,7.4,10,60,Skipped,Yes,5:00 AM,8,Happy,Lose party picture economic system despite.
2024-02-01 10:21:52.870632,6:45 AM,6.8,20,10,Protein-rich,No,9:45 AM,7,Neutral,Discuss loss option name part.
2024-02-02 10:21:52.870632,5:30 AM,8.2,0,20,Carb-rich,Yes,8:30 AM,7,Happy,Spring certainly include total specific.
2024-02-03 10:21:52.870632,4:30 AM,8.9,0,30,Protein-rich,Yes,6:30 AM,9,Happy,Why itself job idea budget on reflect.
2024-02-04 10:21:52.870632,9:45 AM,7.3,15,50,Heavy,Yes,10:45 AM,6,Neutral,Finish southern indicate memory fact baby ball for.
2024-02-05 10:21:52.870632,7:15 AM,7.8,5,0,Light,No,8:15 AM,7,Happy,Crime no painting.
2024-02-06 10:21:52.870632,6:15 AM,8.6,20,20,Heavy,No,8:15 AM,9,Happy,Key sound series stand beautiful.
2024-02-07 10:21:52.870632,7:30 AM,6.4,20,10,Heavy,Yes,8:30 AM,4,Sad,None industry writer wall billion city speak.
2024-02-08 10:21:52.870632,9:15 AM,7.6,5,40,Carb-rich,No,10:15 AM,8,Happy,Support between cost never old cut.
2024-02-09 10:21:52.870632,6:00 AM,5.2,5,40,Carb-rich,No,9:00 AM,6,Sad,Design scene drive test already information.
2024-02-10 10:21:52.870632,8:45 AM,6.6,5,10,Heavy,Yes,9:45 AM,6,Neutral,Still compare outside woman far goal color boy.
2024-02-11 10:21:52.870632,4:30 AM,8.7,25,10,Protein-rich,No,7:30 AM,7,Happy,Entire place investment large accept.
2024-02-12 10:21:52.870632,7:00 AM,6.8,25,10,Protein-rich,No,10:00 AM,6,Neutral,Know think yeah table employee direction.
2024-02-13 10:21:52.870632,6:45 AM,8.3,30,0,Heavy,No,7:45 AM,6,Neutral,Box step green organization around public expert.
2024-02-14 10:21:52.870632,9:45 AM,8.9,25,60,Heavy,No,12:45 PM,9,Happy,Old sea guy yard lawyer western half edge.
2024-02-15 10:21:52.870632,7:00 AM,5.7,5,20,Protein-rich,Yes,9:00 AM,5,Sad,Series most baby cultural partner movie maybe.
2024-02-16 10:21:52.870632,5:00 AM,6.4,5,30,Carb-rich,Yes,6:00 AM,7,Neutral,Car commercial voice natural.
2024-02-17 10:21:52.870632,5:30 AM,8.6,20,30,Light,Yes,8:30 AM,10,Happy,Form the sound bad stay parent operation.
2024-02-18 10:21:52.870632,5:30 AM,5.2,15,50,Heavy,No,6:30 AM,3,Sad,Arrive language population approach when with reality.
2024-02-19 10:21:52.870632,9:30 AM,8.7,15,50,Light,No,12:30 PM,8,Happy,Second allow chance hour young agreement discover.
2024-02-20 10:21:52.870632,6:45 AM,7.5,20,50,Carb-rich,Yes,7:45 AM,7,Happy,Beautiful board party get account.
2024-02-21 10:21:52.870632,9:45 AM,8.5,20,10,Skipped,No,12:45 PM,8,Happy,Direction for third explain call.
2024-02-22 10:21:52.870632,9:15 AM,5.9,5,0,Protein-rich,Yes,11:15 AM,4,Sad,Eight hot whether already effect guess.
2024-02-23 10:21:52.870632,5:15 AM,5.7,20,30,Carb-rich,No,8:15 AM,3,Sad,Land go dark son.
2024-02-24 10:21:52.870632,9:15 AM,5.5,15,50,Protein-rich,No,10:15 AM,5,Sad,Forget bar keep term or remember north.
2024-02-25 10:21:52.870632,6:45 AM,6.8,5,50,Skipped,Yes,9:45 AM,6,Neutral,Growth protect wait style up important drive party.
2024-02-26 10:21:52.870632,4:30 AM,7.1,20,30,Skipped,No,6:30 AM,5,Neutral,Officer real whatever hear risk someone whether.
2024-02-27 10:21:52.870632,6:15 AM,8.9,5,60,Light,No,7:15 AM,9,Happy,Herself tend alone suddenly mission work hope.
2024-02-28 10:21:52.870632,6:30 AM,8.2,20,20,Skipped,Yes,8:30 AM,8,Happy,Word national you.
2024-02-29 10:21:52.870632,8:30 AM,7.6,10,60,Light,Yes,10:30 AM,8,Happy,Seven energy off person like blood really.
2024-03-01 10:21:52.870632,6:15 AM,7.1,5,20,Light,No,8:15 AM,7,Happy,Remain note relationship interest society none.
2024-03-02 10:21:52.870632,7:15 AM,8.7,15,30,Skipped,No,9:15 AM,7,Happy,Sometimes want first.
2024-03-03 10:21:52.870632,6:15 AM,5.7,5,50,Carb-rich,No,9:15 AM,4,Sad,Try thus stage executive painting four.
2024-03-04 10:21:52.870632,5:45 AM,7.1,25,50,Carb-rich,Yes,8:45 AM,7,Happy,Effect image cause discover commercial question.
2024-03-05 10:21:52.870632,4:30 AM,8.2,15,10,Carb-rich,No,6:30 AM,9,Happy,Institution often inside magazine nation investment.
2024-03-06 10:21:52.870632,7:00 AM,7.4,30,60,Light,No,10:00 AM,6,Neutral,Entire them care red.
2024-03-07 10:21:52.870632,4:45 AM,5.1,20,0,Light,No,6:45 AM,3,Sad,Guess interesting nice Congress learn either.
2024-03-08 10:21:52.870632,7:45 AM,8.4,20,60,Heavy,No,8:45 AM,10,Happy,Affect former ground return shake fast.
2024-03-09 10:21:52.870632,8:45 AM,5.3,20,10,Heavy,No,10:45 AM,3,Sad,Stop the top appear create.
2024-03-10 10:21:52.870632,8:00 AM,7.4,5,50,Heavy,No,10:00 AM,6,Neutral,Quickly inside character morning technology.
2024-03-11 10:21:52.870632,6:15 AM,6.1,10,60,Carb-rich,No,9:15 AM,7,Neutral,Ready fine on capital nature name.
2024-03-12 10:21:52.870632,7:00 AM,8.2,0,10,Light,No,9:00 AM,5,Neutral,Modern lot put all bad yard picture.
2024-03-13 10:21:52.870632,6:45 AM,6.8,10,0,Light,Yes,8:45 AM,7,Neutral,Young explain middle response.
2024-03-14 10:21:52.870632,9:15 AM,8.8,30,40,Protein-rich,No,11:15 AM,8,Happy,Door none company others guy appear practice.
2024-03-15 10:21:52.870632,9:00 AM,6.9,15,40,Light,No,10:00 AM,5,Neutral,Street poor friend.
2024-03-16 10:21:52.870632,5:00 AM,6,5,50,Protein-rich,No,6:00 AM,3,Sad,Marriage meet particularly turn.
2024-03-17 10:21:52.870632,4:00 AM,7.5,25,40,Carb-rich,No,7:00 AM,8,Happy,Himself of main job.
2024-03-18 10:21:52.870632,5:00 AM,7.7,5,30,Skipped,Yes,6:00 AM,8,Happy,Leg organization list however true truth.
2024-03-19 10:21:52.870632,9:45 AM,7.4,5,50,Skipped,No,12:45 PM,5,Neutral,Third cover weight public prepare once.
2024-03-20 10:21:52.870632,9:15 AM,5.3,20,10,Carb-rich,Yes,10:15 AM,2,Sad,Deal manage rich fly almost student.
2024-03-21 10:21:52.870632,7:30 AM,7.9,5,10,Skipped,Yes,8:30 AM,8,Happy,Miss goal add way both.
2024-03-22 10:21:52.870632,7:15 AM,6.7,5,30,Light,No,10:15 AM,6,Neutral,Summer arrive mouth group picture receive.
2024-03-23 10:21:52.870632,7:00 AM,5.4,5,20,Light,No,9:00 AM,1,Sad,Million building couple factor remain enjoy.
2024-03-24 10:21:52.870632,7:45 AM,5.6,15,60,Skipped,No,9:45 AM,3,Sad,Student only news dog candidate him.
2024-03-25 10:21:52.870632,5:00 AM,6.6,25,60,Heavy,Yes,6:00 AM,5,Neutral,Health successful both so model knowledge less power.
2024-03-26 10:21:52.870632,4:45 AM,8.4,15,20,Skipped,No,7:45 AM,6,Neutral,Sing however reason sport.
2024-03-27 10:21:52.870632,5:15 AM,6.3,25,60,Carb-rich,Yes,6:15 AM,5,Neutral,Hit season capital support people customer popular alone.
2024-03-28 10:21:52.870632,7:00 AM,8,25,60,Protein-rich,No,8:00 AM,7,Happy,Simply security itself leg itself protect.
2024-03-29 10:21:52.870632,6:15 AM,5.3,10,60,Protein-rich,Yes,9:15 AM,4,Sad,Bed relate develop real today.
2024-03-30 10:21:52.870632,4:45 AM,6.8,30,40,Light,Yes,6:45 AM,4,Sad,Visit just begin institution see response player.
2024-03-31 10:21:52.870632,6:15 AM,5.7,30,10,Skipped,Yes,9:15 AM,4,Sad,Forget could stop oil.
2024-04-01 10:21:52.870632,9:15 AM,5.8,0,10,Heavy,No,11:15 AM,3,Sad,Job next argue happen court should.
2024-04-02 10:21:52.870632,4:45 AM,7.8,0,20,Heavy,Yes,6:45 AM,6,Neutral,Dream nearly if call.
2024-04-03 10:21:52.870632,5:15 AM,8.4,15,30,Skipped,No,8:15 AM,8,Happy,Use religious different talk service leg.
2024-04-04 10:21:52.870632,8:15 AM,5.3,5,30,Heavy,No,9:15 AM,5,Sad,Sport that business note center at.
2024-04-05 10:21:52.870632,6:30 AM,5.2,15,60,Skipped,No,7:30 AM,3,Sad,Three fill grow beautiful though.
2024-04-06 10:21:52.870632,8:00 AM,5.5,30,10,Skipped,Yes,11:00 AM,3,Sad,Similar common himself down almost.
2024-04-07 10:21:52.870632,6:30 AM,8.1,25,60,Carb-rich,No,9:30 AM,10,Happy,Another last situation meeting.
2024-04-08 10:21:52.870632,7:30 AM,8.7,10,10,Protein-rich,Yes,10:30 AM,8,Happy,Shake back seek drug yourself herself fly production.
2024-04-09 10:21:52.870632,7:45 AM,8.4,30,10,Heavy,Yes,8:45 AM,9,Happy,Example modern imagine rest yourself machine away.
2024-04-10 10:21:52.870632,6:30 AM,6.9,30,0,Light,Yes,9:30 AM,5,Neutral,Onto rise argue who.
2024-04-11 10:21:52.870632,5:15 AM,7.6,5,60,Carb-rich,No,7:15 AM,7,Happy,Also war trial personal various.
2024-04-12 10:21:52.870632,6:30 AM,8.9,5,10,Protein-rich,No,7:30 AM,8,Happy,Write cup rich home.
2024-04-13 10:21:52.870632,9:30 AM,6.1,5,30,Protein-rich,Yes,10:30 AM,5,Neutral,Site music wear person serve clearly.
2024-04-14 10:21:52.870632,4:30 AM,7.9,20,30,Protein-rich,Yes,5:30 AM,9,Happy,Arm what article staff speech teach bed.
2024-04-15 10:21:52.870632,6:45 AM,8.8,10,30,Heavy,No,7:45 AM,9,Happy,Or number watch child yes camera easy.
2024-04-16 10:21:52.870632,8:15 AM,5,10,30,Protein-rich,Yes,10:15 AM,5,Sad,Rise whose fight.
2024-04-17 10:21:52.870632,7:15 AM,7.2,5,0,Heavy,Yes,9:15 AM,4,Sad,Series player to message.
2024-04-18 10:21:52.870632,9:45 AM,6.9,20,50,Carb-rich,No,10:45 AM,7,Neutral,Man suggest serious something own young environmental.
2024-04-19 10:21:52.870632,9:15 AM,5.7,5,30,Carb-rich,Yes,11:15 AM,4,Sad,Truth fill describe represent.
2024-04-20 10:21:52.870632,7:00 AM,8.3,25,30,Heavy,Yes,10:00 AM,8,Happy,People find response first simply every.
2024-04-21 10:21:52.870632,5:15 AM,7.1,15,60,Protein-rich,No,7:15 AM,6,Neutral,Marriage media music exactly save.
2024-04-22 10:21:52.870632,4:30 AM,7.3,25,10,Heavy,Yes,7:30 AM,5,Neutral,Owner stop shoulder usually break network strong.
2024-04-23 10:21:52.870632,9:15 AM,5.1,10,0,Skipped,No,11:15 AM,4,Sad,Hand decade study always church research heavy.
2024-04-24 10:21:52.870632,5:30 AM,7.3,30,50,Heavy,Yes,7:30 AM,8,Happy,Close now choose above everyone choose ago level.
2024-04-25 10:21:52.870632,8:45 AM,8.1,20,20,Light,No,11:45 AM,9,Happy,Pick air drop raise point meet total morning.
2024-04-26 10:21:52.870632,9:45 AM,7.3,5,30,Skipped,No,12:45 PM,8,Happy,Writer medical policy degree media worker.
2024-04-27 10:21:52.870632,5:15 AM,5.7,30,0,Skipped,Yes,8:15 AM,3,Sad,Live may training party hot opportunity area job.
2024-04-28 10:21:52.870632,7:45 AM,8,30,50,Heavy,Yes,10:45 AM,9,Happy,Push example newspaper note.
2024-04-29 10:21:52.870632,8:45 AM,5.6,20,40,Heavy,Yes,11:45 AM,3,Sad,Wrong interesting up.
2024-04-30 10:21:52.870632,8:15 AM,6.1,20,0,Light,No,9:15 AM,5,Neutral,Health forward question every.
2024-05-01 10:21:52.870632,7:00 AM,5.5,0,40,Light,Yes,9:00 AM,2,Sad,Dog theory network direction.
2024-05-02 10:21:52.870632,6:30 AM,7.1,15,60,Heavy,Yes,9:30 AM,6,Neutral,More card way onto tough idea.
2024-05-03 10:21:52.870632,5:15 AM,7.9,15,60,Carb-rich,No,8:15 AM,8,Happy,About despite question sometimes song probably.
2024-05-04 10:21:52.870632,6:15 AM,8,10,0,Light,No,8:15 AM,8,Happy,System million around discover about.
2024-05-05 10:21:52.870632,7:45 AM,8.7,5,30,Carb-rich,No,9:45 AM,9,Happy,Base than international argue form help goal.
2024-05-06 10:21:52.870632,7:15 AM,5.5,5,60,Light,Yes,8:15 AM,4,Sad,Final area while economy above create oil.
2024-05-07 10:21:52.870632,4:45 AM,6.4,30,30,Skipped,No,7:45 AM,6,Neutral,Theory believe decide usually yourself guy too.
2024-05-08 10:21:52.870632,8:15 AM,5.8,15,50,Light,Yes,9:15 AM,4,Sad,Improve left free big season low.
2024-05-09 10:21:52.870632,5:45 AM,7.4,25,0,Carb-rich,Yes,8:45 AM,7,Happy,Discover smile indeed travel.
2024-05-10 10:21:52.870632,7:30 AM,5.6,10,10,Protein-rich,No,9:30 AM,3,Sad,Military meeting recognize per Mr forget age.
2024-05-11 10:21:52.870632,5:30 AM,6.7,5,60,Carb-rich,No,8:30 AM,6,Neutral,Ball them standard value.
2024-05-12 10:21:52.870632,8:15 AM,5,30,50,Carb-rich,No,10:15 AM,2,Sad,Make price Mr training.
2024-05-13 10:21:52.870632,6:00 AM,6.4,0,30,Light,Yes,7:00 AM,6,Neutral,Behavior answer feel special everyone region.
2024-05-14 10:21:52.870632,8:45 AM,6.4,5,30,Carb-rich,Yes,9:45 AM,4,Sad,Institution everybody how fish source onto.
2024-05-15 10:21:52.870632,7:00 AM,6.9,30,40,Skipped,No,9:00 AM,8,Neutral,Line education election land should part source.
2024-05-16 10:21:52.870632,4:00 AM,7.3,25,30,Carb-rich,No,6:00 AM,8,Happy,Bring drop security hotel story off.
2024-05-17 10:21:52.870632,7:45 AM,5.6,20,20,Light,No,8:45 AM,2,Sad,Attention establish cold business performance.
2024-05-18 10:21:52.870632,7:15 AM,6.1,20,40,Light,No,9:15 AM,3,Sad,Moment degree debate set meet audience owner.
2024-05-19 10:21:52.870632,7:00 AM,6.9,25,60,Light,Yes,9:00 AM,7,Neutral,Hand of try remember just wife floor.
2024-05-20 10:21:52.870632,6:00 AM,8.6,10,10,Light,Yes,7:00 AM,9,Happy,They upon cultural trip star Congress.
2024-05-21 10:21:52.870632,8:00 AM,6.6,0,10,Carb-rich,No,9:00 AM,3,Sad,Difficult new anyone require above itself month do.
2024-05-22 10:21:52.870632,8:15 AM,6.5,0,30,Heavy,No,10:15 AM,3,Sad,Life stuff along Mrs important idea.
2024-05-23 10:21:52.870632,7:45 AM,6.3,10,60,Skipped,Yes,10:45 AM,7,Neutral,Last none us century pretty.
2024-05-24 10:21:52.870632,5:30 AM,5.4,20,10,Carb-rich,No,6:30 AM,2,Sad,Action finish color ever.
2024-05-25 10:21:52.870632,9:00 AM,7.8,10,10,Carb-rich,Yes,11:00 AM,8,Happy,Any president to past.
2024-05-26 10:21:52.870632,6:45 AM,8.3,25,10,Skipped,Yes,8:45 AM,8,Happy,Support opportunity herself evidence board bed.
2024-05-27 10:21:52.870632,5:00 AM,7,5,30,Protein-rich,Yes,8:00 AM,7,Happy,Development doctor institution.
2024-05-28 10:21:52.870632,9:00 AM,5.7,20,40,Carb-rich,Yes,11:00 AM,5,Sad,Minute place cause purpose.
2024-05-29 10:21:52.870632,9:00 AM,5.4,15,10,Carb-rich,No,11:00 AM,2,Sad,Television officer view scene main dream memory.
2024-05-30 10:21:52.870632,7:30 AM,5.3,15,60,Protein-rich,Yes,10:30 AM,5,Sad,Get table idea relate doctor name so.
2024-05-31 10:21:52.870632,7:15 AM,8.4,0,30,Carb-rich,No,8:15 AM,9,Happy,Good travel red leader force.
2024-06-01 10:21:52.870632,6:45 AM,7.5,20,0,Carb-rich,Yes,7:45 AM,7,Happy,Tax attorney sit reflect responsibility window send feel.
2024-06-02 10:21:52.870632,9:30 AM,8.1,25,60,Light,No,11:30 AM,9,Happy,Structure table forget continue.
2024-06-03 10:21:52.870632,4:45 AM,6.7,25,30,Carb-rich,Yes,7:45 AM,7,Neutral,Picture two exist economic.
2024-06-04 10:21:52.870632,6:15 AM,6,20,40,Skipped,Yes,7:15 AM,3,Sad,Nice go job.
2024-06-05 10:21:52.870632,5:45 AM,5.4,10,20,Carb-rich,Yes,7:45 AM,2,Sad,Might approach several lawyer myself avoid.
2024-06-06 10:21:52.870632,4:15 AM,8.5,10,60,Carb-rich,No,5:15 AM,9,Happy,Participant serious quite role into.
2024-06-07 10:21:52.870632,7:30 AM,8.1,5,10,Carb-rich,Yes,8:30 AM,6,Neutral,Kitchen realize main too there.
2024-06-08 10:21:52.870632,4:30 AM,8.6,20,0,Heavy,Yes,5:30 AM,7,Happy,Set book include yeah step doctor.
2024-06-09 10:21:52.870632,7:15 AM,7.5,0,0,Heavy,Yes,8:15 AM,7,Happy,Great choose nothing apply firm why strategy spring.
2024-06-10 10:21:52.870632,4:00 AM,7.8,0,60,Protein-rich,Yes,5:00 AM,8,Happy,Religious during camera.
2024-06-11 10:21:52.870632,6:30 AM,7.8,0,50,Light,Yes,8:30 AM,6,Neutral,White sport describe girl imagine green quite.
2024-06-12 10:21:52.870632,9:45 AM,7.2,30,60,Carb-rich,No,11:45 AM,5,Neutral,Song son commercial read building technology one worry.
2024-06-13 10:21:52.870632,6:00 AM,8.5,5,50,Protein-rich,No,7:00 AM,10,Happy,Help wind among push at support majority.
2024-06-14 10:21:52.870632,4:45 AM,5.7,10,20,Skipped,No,5:45 AM,5,Sad,Reality agreement understand body college firm body general.
2024-06-15 10:21:52.870632,5:15 AM,5.3,5,30,Heavy,No,8:15 AM,3,Sad,Control look choice on team opportunity.
2024-06-16 10:21:52.870632,9:30 AM,6.7,15,60,Protein-rich,No,11:30 AM,6,Neutral,Trip support who professor.
2024-06-17 10:21:52.870632,8:15 AM,5.5,25,20,Heavy,Yes,9:15 AM,5,Sad,Forget those matter election.
2024-06-18 10:21:52.870632,9:15 AM,5.2,10,60,Carb-rich,No,10:15 AM,6,Sad,Ask husband or likely close national charge.
2024-06-19 10:21:52.870632,9:45 AM,8.3,25,60,Carb-rich,No,11:45 AM,7,Happy,Use marriage process among.
2024-06-20 10:21:52.870632,8:45 AM,5.4,0,30,Skipped,Yes,9:45 AM,2,Sad,War process my cut seek dark bad.
2024-06-21 10:21:52.870632,8:45 AM,7.1,20,0,Light,No,9:45 AM,5,Neutral,Company yourself center rule bill example.
2024-06-22 10:21:52.870632,5:45 AM,7.9,25,60,Light,No,7:45 AM,7,Happy,Into herself keep similar glass contain interview.
2024-06-23 10:21:52.870632,5:30 AM,7.2,30,60,Carb-rich,No,7:30 AM,5,Neutral,In risk hear better recognize.
2024-06-24 10:21:52.870632,9:15 AM,6.7,30,30,Heavy,Yes,10:15 AM,8,Neutral,Meeting six wide which trip together quite.
2024-06-25 10:21:52.870632,9:15 AM,5.5,10,0,Skipped,No,11:15 AM,4,Sad,Say along sound course animal benefit.
2024-06-26 10:21:52.870632,9:30 AM,8.3,5,0,Skipped,Yes,10:30 AM,9,Happy,Top company marriage bill.
2024-06-27 10:21:52.870632,7:45 AM,5.1,30,10,Light,No,10:45 AM,4,Sad,Science stock way.
2024-06-28 10:21:52.870632,7:30 AM,6.8,0,50,Carb-rich,Yes,9:30 AM,4,Sad,Part fine figure surface.
2024-06-29 10:21:52.870632,8:15 AM,9,25,60,Carb-rich,No,9:15 AM,10,Happy,Its off whose us light.
2024-06-30 10:21:52.870632,5:30 AM,6.1,10,30,Carb-rich,Yes,8:30 AM,5,Neutral,Pattern TV imagine difference worker budget common.
2024-07-01 10:21:52.870632,5:00 AM,7.3,25,50,Light,No,8:00 AM,8,Happy,High down field market.
2024-07-02 10:21:52.870632,7:00 AM,8.9,15,20,Carb-rich,No,10:00 AM,8,Happy,Major foreign thank edge behavior door.
2024-07-03 10:21:52.870632,9:45 AM,6.4,0,40,Heavy,Yes,10:45 AM,5,Neutral,Science much across from condition remain certain.
2024-07-04 10:21:52.870632,8:00 AM,7.6,25,60,Carb-rich,No,10:00 AM,7,Happy,Onto beautiful question.
2024-07-05 10:21:52.870632,5:15 AM,5.9,5,20,Protein-rich,No,8:15 AM,3,Sad,Available task ask meet admit five party there.
2024-07-06 10:21:52.870632,4:00 AM,7.1,10,60,Skipped,No,5:00 AM,6,Neutral,Rule marriage quickly card when.
2024-07-07 10:21:52.870632,7:15 AM,6.9,25,0,Protein-rich,Yes,10:15 AM,5,Neutral,Rather political second true go.
2024-07-08 10:21:52.870632,5:45 AM,8.1,0,40,Light,Yes,8:45 AM,5,Neutral,Officer smile approach tonight street nothing among simply.
2024-07-09 10:21:52.870632,9:00 AM,5.2,5,10,Protein-rich,Yes,12:00 PM,2,Sad,Keep by recognize certain time beautiful even become.
2024-07-10 10:21:52.870632,4:15 AM,8.7,30,60,Protein-rich,No,7:15 AM,7,Happy,Floor simply own would.
2024-07-11 10:21:52.870632,5:45 AM,5,5,30,Carb-rich,Yes,8:45 AM,4,Sad,Day cell mean good west voice statement.
2024-07-12 10:21:52.870632,8:00 AM,8.4,5,0,Light,No,10:00 AM,8,Happy,Let would knowledge serve.
2024-07-13 10:21:52.870632,4:45 AM,6.1,25,0,Heavy,Yes,7:45 AM,6,Neutral,Sure song new four heart top.
2024-07-14 10:21:52.870632,6:30 AM,7.8,20,0,Protein-rich,Yes,7:30 AM,5,Neutral,Office several issue media beautiful go down.
2024-07-15 10:21:52.870632,4:30 AM,6.1,10,10,Carb-rich,Yes,7:30 AM,2,Sad,Stuff require look tree.
2024-07-16 10:21:52.870632,8:45 AM,5.9,25,30,Carb-rich,No,9:45 AM,7,Sad,Admit young will mention real Republican.
2024-07-17 10:21:52.870632,5:45 AM,7.5,0,20,Skipped,Yes,7:45 AM,5,Neutral,Back success close certainly wonder natural.
2024-07-18 10:21:52.870632,5:30 AM,8.7,10,10,Protein-rich,No,6:30 AM,7,Happy,Pull if group administration.
2024-07-19 10:21:52.870632,5:45 AM,8.2,25,10,Light,Yes,6:45 AM,7,Happy,Physical whose image firm drug else Congress.
2024-07-20 10:21:52.870632,5:45 AM,6.3,0,40,Carb-rich,No,6:45 AM,5,Neutral,Among score fire put until myself our born.
2024-07-21 10:21:52.870632,7:30 AM,8.5,10,20,Protein-rich,Yes,10:30 AM,8,Happy,We fine end morning.
2024-07-22 10:21:52.870632,5:15 AM,6.1,30,30,Protein-rich,Yes,7:15 AM,4,Sad,Hear matter change environmental American.
2024-07-23 10:21:52.870632,9:30 AM,7.9,25,0,Carb-rich,No,11:30 AM,5,Neutral,About agree science sea somebody prepare seven room.
2024-07-24 10:21:52.870632,4:30 AM,8.5,30,20,Heavy,No,7:30 AM,7,Happy,Might standard ok agency cover production.
2024-07-25 10:21:52.870632,6:30 AM,6.4,10,50,Heavy,No,7:30 AM,5,Neutral,Over down hospital whose bring walk matter.
2024-07-26 10:21:52.870632,5:45 AM,8.6,30,0,Light,Yes,8:45 AM,10,Happy,Rule myself accept you.
2024-07-27 10:21:52.870632,9:00 AM,7.6,5,0,Skipped,Yes,10:00 AM,7,Happy,Would common past commercial.
2024-07-28 10:21:52.870632,9:00 AM,6.6,0,40,Skipped,Yes,12:00 PM,4,Sad,On from professor guess.
2024-07-29 10:21:52.870632,5:30 AM,6.5,20,60,Carb-rich,No,7:30 AM,6,Neutral,Professional either very chance minute some us.
2024-07-30 10:21:52.870632,8:00 AM,8.4,25,20,Heavy,Yes,10:00 AM,6,Neutral,So sign may.
2024-07-31 10:21:52.870632,6:45 AM,8.5,10,60,Protein-rich,No,8:45 AM,8,Happy,Factor subject Republican look air his appear.
2024-08-01 10:21:52.870632,4:30 AM,6.9,0,30,Carb-rich,Yes,6:30 AM,5,Neutral,Hot above audience seven traditional field ball.
2024-08-02 10:21:52.870632,5:15 AM,5.6,15,20,Light,Yes,7:15 AM,3,Sad,Travel spend system chair career article.
2024-08-03 10:21:52.870632,9:00 AM,7.9,5,40,Carb-rich,No,12:00 PM,10,Happy,Response look evening certainly.
2024-08-04 10:21:52.870632,6:30 AM,6.5,5,50,Carb-rich,Yes,9:30 AM,5,Neutral,Student class action pretty nothing tell identify east.
2024-08-05 10:21:52.870632,6:45 AM,7.5,25,20,Protein-rich,No,7:45 AM,5,Neutral,Statement either picture lose agent.
2024-08-06 10:21:52.870632,7:30 AM,5.4,0,0,Light,Yes,9:30 AM,1,Sad,Total process benefit allow stay call these.
2024-08-07 10:21:52.870632,9:30 AM,5.5,0,20,Carb-rich,Yes,10:30 AM,1,Sad,They political red firm game.
2024-08-08 10:21:52.870632,4:00 AM,5.2,30,20,Light,Yes,6:00 AM,1,Sad,History expect brother.
2024-08-09 10:21:52.870632,5:45 AM,6.9,25,0,Carb-rich,No,6:45 AM,6,Neutral,Sea discussion newspaper pay car.
2024-08-10 10:21:52.870632,4:30 AM,5,10,20,Protein-rich,Yes,7:30 AM,3,Sad,Listen hold reflect hour.
2024-08-11 10:21:52.870632,8:00 AM,7.3,25,60,Protein-rich,No,11:00 AM,8,Happy,Site money the sure which budget.
2024-08-12 10:21:52.870632,4:15 AM,6.1,30,40,Heavy,No,7:15 AM,4,Sad,Beat similar while to.
2024-08-13 10:21:52.870632,4:30 AM,6.7,10,0,Heavy,Yes,6:30 AM,6,Neutral,During space involve business.
2024-08-14 10:21:52.870632,6:30 AM,5.7,5,40,Protein-rich,Yes,7:30 AM,5,Sad,Season government bag so sport.
2024-08-15 10:21:52.870632,7:45 AM,6.1,5,60,Carb-rich,Yes,9:45 AM,5,Neutral,Decision provide hand ten form general recognize.
2024-08-16 10:21:52.870632,7:30 AM,5.1,10,20,Heavy,Yes,10:30 AM,1,Sad,Similar drive either upon against dinner.
2024-08-17 10:21:52.870632,8:45 AM,6.2,10,60,Skipped,No,10:45 AM,4,Sad,Protect material institution edge brother tonight end policy.
2024-08-18 10:21:52.870632,8:45 AM,5.2,15,0,Protein-rich,No,11:45 AM,2,Sad,Time or particular seven collection.
2024-08-19 10:21:52.870632,8:30 AM,5.9,5,0,Protein-rich,No,9:30 AM,3,Sad,Continue live put.
2024-08-20 10:21:52.870632,7:30 AM,6,20,50,Light,Yes,9:30 AM,6,Neutral,Value country man involve forget news follow.
2024-08-21 10:21:52.870632,4:00 AM,8.9,0,40,Protein-rich,No,7:00 AM,10,Happy,Answer little sister.
2024-08-22 10:21:52.870632,6:30 AM,7.7,30,20,Heavy,Yes,8:30 AM,7,Happy,Travel general account health.
2024-08-23 10:21:52.870632,5:00 AM,8.1,15,60,Carb-rich,Yes,7:00 AM,9,Happy,Realize reveal west.
2024-08-24 10:21:52.870632,9:15 AM,6.3,0,20,Carb-rich,No,11:15 AM,2,Sad,Land alone trial western everything peace animal.
2024-08-25 10:21:52.870632,4:45 AM,6.2,0,0,Skipped,No,5:45 AM,3,Sad,Of under simply part operation grow.
2024-08-26 10:21:52.870632,8:45 AM,6.8,0,10,Protein-rich,Yes,10:45 AM,6,Neutral,Score ball suddenly position laugh treat figure.
2024-08-27 10:21:52.870632,9:00 AM,6.9,30,20,Heavy,No,11:00 AM,4,Sad,Control moment power.
2024-08-28 10:21:52.870632,6:45 AM,5.9,20,50,Carb-rich,Yes,7:45 AM,4,Sad,Father fast onto edge.
2024-08-29 10:21:52.870632,9:00 AM,8.3,20,30,Skipped,No,12:00 PM,7,Happy,Area feeling level music.
2024-08-30 10:21:52.870632,6:15 AM,5,5,40,Skipped,No,7:15 AM,5,Sad,Whatever do voice first.
2024-08-31 10:21:52.870632,4:00 AM,8.2,10,10,Light,Yes,7:00 AM,6,Neutral,Long on strategy I.
2024-09-01 10:21:52.870632,6:15 AM,8.8,30,30,Protein-rich,Yes,9:15 AM,9,Happy,Themselves person although return.
2024-09-02 10:21:52.870632,5:45 AM,7.6,15,20,Heavy,No,6:45 AM,7,Happy,Similar go hour bit prevent question easy.
2024-09-03 10:21:52.870632,7:15 AM,7.1,25,40,Protein-rich,No,10:15 AM,6,Neutral,Us dinner significant effect.
2024-09-04 10:21:52.870632,4:00 AM,7.5,10,50,Skipped,Yes,6:00 AM,5,Neutral,Generation machine office discussion.
2024-09-05 10:21:52.870632,7:00 AM,7,0,0,Heavy,Yes,9:00 AM,4,Sad,Stage state economy could himself our Mrs.
2024-09-06 10:21:52.870632,9:00 AM,6.6,20,10,Skipped,Yes,10:00 AM,5,Neutral,Machine continue show far foreign one after.
2024-09-07 10:21:52.870632,7:15 AM,5.2,10,20,Light,Yes,10:15 AM,4,Sad,Notice allow same actually consumer war lawyer.
2024-09-08 10:21:52.870632,5:15 AM,7.4,0,10,Carb-rich,Yes,6:15 AM,4,Sad,Close heavy society station view street.
2024-09-09 10:21:52.870632,5:00 AM,8.7,25,0,Light,No,8:00 AM,7,Happy,Recent read face treat.
2024-09-10 10:21:52.870632,5:15 AM,7.1,25,40,Carb-rich,No,8:15 AM,8,Happy,Body consumer since concern spring.
2024-09-11 10:21:52.870632,6:00 AM,8.3,15,30,Heavy,No,7:00 AM,10,Happy,Understand consumer us reach.
2024-09-12 10:21:52.870632,8:45 AM,7.1,15,40,Skipped,Yes,10:45 AM,7,Happy,Paper early piece somebody.
2024-09-13 10:21:52.870632,7:00 AM,5.5,5,60,Carb-rich,No,9:00 AM,3,Sad,Sing resource billion fire hand.
2024-09-14 10:21:52.870632,5:30 AM,6.4,30,10,Heavy,No,6:30 AM,5,Neutral,Figure meeting answer her himself yet.
2024-09-15 10:21:52.870632,7:00 AM,5.8,30,50,Protein-rich,Yes,9:00 AM,4,Sad,Create raise much dog however.
2024-09-16 10:21:52.870632,4:00 AM,6.8,5,10,Carb-rich,No,6:00 AM,4,Sad,Every interest right page east mouth.
2024-09-17 10:21:52.870632,7:15 AM,5.7,15,10,Heavy,No,10:15 AM,2,Sad,Direction beautiful interview will.
2024-09-18 10:21:52.870632,4:15 AM,6.1,15,50,Heavy,Yes,5:15 AM,7,Neutral,Leader little reason doctor describe run him.
2024-09-19 10:21:52.870632,4:30 AM,5.9,10,10,Skipped,Yes,6:30 AM,4,Sad,For measure team thing audience.
2024-09-20 10:21:52.870632,8:15 AM,7.1,5,30,Heavy,No,10:15 AM,8,Happy,Good tough course.
2024-09-21 10:21:52.870632,4:30 AM,7.9,10,60,Heavy,No,7:30 AM,8,Happy,Wind create top site rule relationship.
2024-09-22 10:21:52.870632,8:45 AM,7,10,60,Protein-rich,No,9:45 AM,8,Happy,Early sound evidence most bad between even.
2024-09-23 10:21:52.870632,6:30 AM,7.2,30,0,Protein-rich,No,8:30 AM,5,Neutral,Physical main available tend.
2024-09-24 10:21:52.870632,6:30 AM,8,25,40,Carb-rich,No,9:30 AM,7,Happy,Billion cut to either wear cultural.
2024-09-25 10:21:52.870632,9:45 AM,6.4,5,50,Carb-rich,Yes,11:45 AM,5,Neutral,Seat raise pattern appear green idea.
2024-09-26 10:21:52.870632,6:15 AM,7.6,20,50,Skipped,Yes,7:15 AM,7,Happy,Physical none need trade other all even.
2024-09-27 10:21:52.870632,7:30 AM,5.1,30,10,Carb-rich,Yes,9:30 AM,4,Sad,Our put trip.
2024-09-28 10:21:52.870632,7:45 AM,5.2,20,60,Protein-rich,No,10:45 AM,5,Sad,Point generation artist clear change benefit.
2024-09-29 10:21:52.870632,8:45 AM,8.6,20,20,Heavy,Yes,10:45 AM,9,Happy,Bar term else important important.
2024-09-30 10:21:52.870632,5:00 AM,6.3,10,30,Carb-rich,No,7:00 AM,5,Neutral,Leg sister food success value cost man.
2024-10-01 10:21:52.870632,7:00 AM,5.6,5,20,Heavy,No,9:00 AM,3,Sad,Capital commercial half beat whether two with.
2024-10-02 10:21:52.870632,9:00 AM,8.9,0,20,Skipped,No,12:00 PM,5,Neutral,System out pass remember cultural account value television.
2024-10-03 10:21:52.870632,7:30 AM,7.4,15,60,Light,No,9:30 AM,8,Happy,Price black seven yet.
2024-10-04 10:21:52.870632,7:15 AM,7,25,10,Heavy,No,9:15 AM,5,Neutral,Positive deep describe hotel.
2024-10-05 10:21:52.870632,8:30 AM,8.3,10,40,Skipped,Yes,10:30 AM,9,Happy,Director line opportunity.
2024-10-06 10:21:52.870632,6:45 AM,8.5,10,10,Protein-rich,No,9:45 AM,7,Happy,Security worry either rate building if third.
2024-10-07 10:21:52.870632,9:30 AM,8.2,0,10,Skipped,Yes,11:30 AM,6,Neutral,Possible second painting change remember knowledge away.
2024-10-08 10:21:52.870632,9:45 AM,8.6,25,20,Light,Yes,10:45 AM,6,Neutral,His relationship produce significant.
2024-10-09 10:21:52.870632,5:15 AM,7.3,5,10,Skipped,No,6:15 AM,4,Sad,Story scientist create bar computer sing billion.
2024-10-10 10:21:52.870632,9:30 AM,5.4,5,20,Protein-rich,Yes,12:30 PM,3,Sad,Street computer instead some threat several into.
2024-10-11 10:21:52.870632,5:00 AM,7.2,5,60,Protein-rich,No,7:00 AM,6,Neutral,Keep bar time official.
2024-10-12 10:21:52.870632,7:15 AM,6.4,0,10,Protein-rich,No,10:15 AM,6,Neutral,Form hand behind stay.
2024-10-13 10:21:52.870632,6:15 AM,7,10,0,Heavy,Yes,8:15 AM,4,Sad,Quickly main window nothing accept clearly.
2024-10-14 10:21:52.870632,4:45 AM,8.3,0,20,Light,No,5:45 AM,8,Happy,Husband mother goal their view.
2024-10-15 10:21:52.870632,5:15 AM,8.3,20,0,Protein-rich,No,8:15 AM,8,Happy,Why beautiful music never interest environmental.
2024-10-16 10:21:52.870632,4:30 AM,8.8,30,40,Skipped,No,6:30 AM,7,Happy,Future turn collection fish rate religious art.
2024-10-17 10:21:52.870632,4:15 AM,6.8,15,10,Light,No,5:15 AM,6,Neutral,Fact production wonder song top also attack radio.
2024-10-18 10:21:52.870632,6:45 AM,7.8,10,60,Protein-rich,No,7:45 AM,6,Neutral,Fish evidence add bar seat.
2024-10-19 10:21:52.870632,7:30 AM,5.9,25,60,Skipped,No,9:30 AM,3,Sad,Best house life lay teach physical.
2024-10-20 10:21:52.870632,9:45 AM,8.5,0,20,Carb-rich,No,11:45 AM,6,Neutral,Yourself culture race enter common health bank.
2024-10-21 10:21:52.870632,5:15 AM,5.3,30,50,Heavy,Yes,6:15 AM,4,Sad,Person article idea go treatment.
2024-10-22 10:21:52.870632,6:00 AM,5.9,30,40,Heavy,Yes,9:00 AM,4,Sad,Total today identify method its community.
2024-10-23 10:21:52.870632,5:15 AM,7,20,0,Light,Yes,8:15 AM,7,Happy,With attack statement practice into several.
2024-10-24 10:21:52.870632,4:15 AM,7.8,25,40,Heavy,Yes,7:15 AM,7,Happy,Current carry wonder really Mrs or.
2024-10-25 10:21:52.870632,5:00 AM,6.7,25,60,Protein-rich,No,7:00 AM,7,Neutral,Represent meeting available none coach small get.
2024-10-26 10:21:52.870632,9:00 AM,8.5,5,30,Carb-rich,No,10:00 AM,7,Happy,Up much door act suggest name maintain.
2024-10-27 10:21:52.870632,5:30 AM,8.3,10,60,Skipped,No,6:30 AM,9,Happy,If personal open season east.
2024-10-28 10:21:52.870632,9:00 AM,6.6,15,10,Protein-rich,Yes,12:00 PM,4,Sad,Just benefit talk position.
2024-10-29 10:21:52.870632,6:15 AM,8.6,0,60,Heavy,No,8:15 AM,8,Happy,Reason enough box possible allow.
2024-10-30 10:21:52.870632,6:30 AM,7.3,5,0,Protein-rich,Yes,8:30 AM,8,Happy,Pass reveal form six sound service despite determine.
2024-10-31 10:21:52.870632,6:45 AM,5.6,5,50,Protein-rich,No,9:45 AM,4,Sad,Because behind drug chair like those agent.
2024-11-01 10:21:52.870632,8:45 AM,5.7,10,0,Carb-rich,Yes,9:45 AM,3,Sad,Cultural ability exactly end only.
2024-11-02 10:21:52.870632,7:30 AM,8.8,5,30,Protein-rich,Yes,8:30 AM,10,Happy,American expect assume left check.
2024-11-03 10:21:52.870632,6:15 AM,7.3,20,20,Light,No,8:15 AM,4,Sad,Truth position along.
2024-11-04 10:21:52.870632,7:00 AM,7.5,20,50,Carb-rich,Yes,10:00 AM,7,Happy,Kid although they.
2024-11-05 10:21:52.870632,8:15 AM,7.3,15,20,Light,No,11:15 AM,6,Neutral,Reach level determine couple reduce baby.
2024-11-06 10:21:52.870632,9:30 AM,6.8,15,60,Skipped,No,12:30 PM,8,Neutral,Summer kid less day recent control.
2024-11-07 10:21:52.870632,6:45 AM,5.6,5,10,Light,Yes,9:45 AM,5,Sad,Forward view herself which.
2024-11-08 10:21:52.870632,7:00 AM,5.5,15,20,Light,Yes,10:00 AM,4,Sad,Range seek medical customer partner some.
2024-11-09 10:21:52.870632,8:45 AM,5.8,0,30,Light,No,9:45 AM,2,Sad,Just try hear pretty we board.
2024-11-10 10:21:52.870632,5:00 AM,7.4,15,40,Carb-rich,No,7:00 AM,8,Happy,Hand well young wide.
2024-11-11 10:21:52.870632,6:15 AM,8.4,25,30,Carb-rich,Yes,8:15 AM,8,Happy,Concern car office speech thus continue.
2024-11-12 10:21:52.870632,9:30 AM,6.5,10,30,Protein-rich,No,11:30 AM,6,Neutral,Nor investment about admit machine later region.
2024-11-13 10:21:52.870632,8:00 AM,7.8,10,30,Protein-rich,No,9:00 AM,10,Happy,Stop should blood range most.
2024-11-14 10:21:52.870632,9:15 AM,5.7,25,0,Protein-rich,Yes,10:15 AM,5,Sad,Account stuff throughout ground.
2024-11-15 10:21:52.870632,9:45 AM,5.7,20,60,Protein-rich,Yes,11:45 AM,4,Sad,Level recent citizen.
2024-11-16 10:21:52.870632,7:30 AM,8,20,40,Skipped,No,9:30 AM,8,Happy,Tend show much great word.
2024-11-17 10:21:52.870632,7:00 AM,5.8,15,20,Skipped,Yes,10:00 AM,3,Sad,Test authority together job.
2024-11-18 10:21:52.870632,9:45 AM,5.9,20,0,Heavy,Yes,11:45 AM,4,Sad,Course nature break environmental instead strategy.
2024-11-19 10:21:52.870632,5:15 AM,5.5,20,40,Protein-rich,No,8:15 AM,3,Sad,Against piece bad us remain left serve.
2024-11-20 10:21:52.870632,4:15 AM,8.3,0,10,Heavy,Yes,7:15 AM,5,Neutral,Product answer organization successful.
2024-11-21 10:21:52.870632,9:15 AM,5.4,10,60,Skipped,No,12:15 PM,5,Sad,Recently another high instead under various.
2024-11-22 10:21:52.870632,5:30 AM,7.6,25,10,Heavy,No,7:30 AM,8,Happy,Operation something scene explain sit.
2024-11-23 10:21:52.870632,9:00 AM,8.4,5,30,Heavy,No,11:00 AM,7,Happy,Today listen owner few article.
2024-11-24 10:21:52.870632,7:30 AM,7.1,15,40,Carb-rich,Yes,8:30 AM,8,Happy,Evening exactly she your network will.
2024-11-25 10:21:52.870632,6:00 AM,6,15,0,Skipped,No,7:00 AM,3,Sad,Whose bar lay song century up.
2024-11-26 10:21:52.870632,8:30 AM,5.4,15,50,Carb-rich,Yes,11:30 AM,3,Sad,Throw huge involve truth ago anyone.
2024-11-27 10:21:52.870632,7:30 AM,6.6,15,50,Light,Yes,10:30 AM,5,Neutral,Soon run recent need news.
2024-11-28 10:21:52.870632,9:15 AM,5.6,10,60,Light,Yes,11:15 AM,6,Sad,Social image range section.
2024-11-29 10:21:52.870632,7:15 AM,7.7,5,30,Protein-rich,Yes,10:15 AM,8,Happy,Trip place nice save box single.
2024-11-30 10:21:52.870632,4:15 AM,7,20,40,Carb-rich,No,6:15 AM,7,Happy,Rather purpose soon too.
2024-12-01 10:21:52.870632,6:30 AM,6.8,30,20,Protein-rich,Yes,9:30 AM,6,Neutral,Less those red people.
2024-12-02 10:21:52.870632,4:15 AM,6.9,25,50,Heavy,No,7:15 AM,6,Neutral,Read west safe plan cause.
2024-12-03 10:21:52.870632,5:30 AM,6.4,10,60,Protein-rich,Yes,6:30 AM,6,Neutral,Toward wonder security option bed both.
2024-12-04 10:21:52.870632,8:45 AM,7.6,5,30,Light,No,9:45 AM,6,Neutral,Within church value between western make truth.
2024-12-05 10:21:52.870632,8:00 AM,8.4,0,60,Carb-rich,Yes,9:00 AM,7,Happy,I first special position.
2024-12-06 10:21:52.870632,6:30 AM,7.5,5,50,Heavy,No,8:30 AM,5,Neutral,Goal travel within.
2024-12-07 10:21:52.870632,6:00 AM,8.1,5,40,Protein-rich,Yes,7:00 AM,8,Happy,Citizen chance social court citizen.
2024-12-08 10:21:52.870632,4:45 AM,5.3,30,0,Heavy,No,6:45 AM,3,Sad,Government view official various education huge ever.
2024-12-09 10:21:52.870632,7:00 AM,8.7,30,50,Carb-rich,No,8:00 AM,9,Happy,Relationship wish catch service question.
2024-12-10 10:21:52.870632,7:15 AM,5.5,10,20,Light,No,9:15 AM,5,Sad,Likely draw article task.
2024-12-11 10:21:52.870632,4:30 AM,7.1,30,40,Protein-rich,No,5:30 AM,5,Neutral,Run letter whom six current.
2024-12-12 10:21:52.870632,6:00 AM,5.6,10,40,Protein-rich,Yes,7:00 AM,4,Sad,By here force strong remember community.
2024-12-13 10:21:52.870632,6:30 AM,6.3,30,60,Heavy,No,7:30 AM,7,Neutral,Analysis design trade.
2024-12-14 10:21:52.870632,8:45 AM,8.5,5,0,Skipped,Yes,9:45 AM,7,Happy,Sure offer view side however.
2024-12-15 10:21:52.870632,6:30 AM,5.3,25,60,Carb-rich,No,8:30 AM,2,Sad,Box newspaper hair agent full none care.
2024-12-16 10:21:52.870632,6:30 AM,7.3,5,10,Carb-rich,Yes,7:30 AM,7,Happy,She race ahead final.
2024-12-17 10:21:52.870632,6:00 AM,8.2,10,50,Heavy,Yes,8:00 AM,10,Happy,Also provide rather in pick term.
2024-12-18 10:21:52.870632,5:30 AM,7.8,0,10,Heavy,No,7:30 AM,6,Neutral,Individual camera black take doctor many.
2024-12-19 10:21:52.870632,4:00 AM,6.2,20,50,Carb-rich,No,6:00 AM,6,Neutral,Give evidence level ten itself cover factor.
2024-12-20 10:21:52.870632,8:30 AM,5.1,30,30,Skipped,No,10:30 AM,3,Sad,Anything either believe nature would.
2024-12-21 10:21:52.870632,9:15 AM,8.1,5,40,Carb-rich,Yes,10:15 AM,10,Happy,Hair drug hard various value.
2024-12-22 10:21:52.870632,6:00 AM,5.7,30,20,Light,No,9:00 AM,4,Sad,Phone manager change field compare.
2024-12-23 10:21:52.870632,6:45 AM,8.8,15,0,Carb-rich,Yes,7:45 AM,7,Happy,Page so first music.
2024-12-24 10:21:52.870632,9:45 AM,8.4,15,10,Skipped,Yes,10:45 AM,9,Happy,Whose same power throughout during forward.
2024-12-25 10:21:52.870632,4:45 AM,7.9,20,0,Light,Yes,7:45 AM,6,Neutral,Baby career leader front check describe.
2024-12-26 10:21:52.870632,6:30 AM,6.4,25,60,Light,Yes,8:30 AM,4,Sad,Expert effort age option mother star.
2024-12-27 10:21:52.870632,6:45 AM,5.6,15,20,Skipped,Yes,8:45 AM,3,Sad,Buy decade two avoid.
2024-12-28 10:21:52.870632,7:45 AM,5.3,0,10,Heavy,Yes,9:45 AM,1,Sad,Analysis us everybody peace plan page.
2024-12-29 10:21:52.870632,4:30 AM,6,15,10,Protein-rich,Yes,7:30 AM,5,Neutral,Better special clear rich character.
2024-12-30 10:21:52.870632,8:30 AM,8.2,5,40,Protein-rich,No,10:30 AM,7,Happy,Admit win explain government relate choose never.
2024-12-31 10:21:52.870632,4:00 AM,6.1,15,0,Skipped,No,6:00 AM,2,Sad,Under push region husband.
2025-01-01 10:21:52.870632,9:15 AM,7.5,15,40,Heavy,No,12:15 PM,6,Neutral,More animal our cell this your.
2025-01-02 10:21:52.870632,4:45 AM,7.6,5,60,Heavy,No,7:45 AM,8,Happy,If public outside customer base out bring would.
2025-01-03 10:21:52.870632,5:45 AM,6.9,5,30,Skipped,No,7:45 AM,5,Neutral,Skin significant certainly simply.
2025-01-04 10:21:52.870632,9:30 AM,7.6,15,10,Heavy,Yes,12:30 PM,6,Neutral,Enjoy specific result war others another their.
2025-01-05 10:21:52.870632,8:00 AM,7.2,10,10,Protein-rich,No,10:00 AM,7,Happy,He development information hold or bring know.
2025-01-06 10:21:52.870632,5:45 AM,8,30,0,Light,Yes,6:45 AM,6,Neutral,Never his thought direction Congress.
2025-01-07 10:21:52.870632,4:30 AM,5.8,25,60,Protein-rich,No,5:30 AM,4,Sad,No rest garden rest.
2025-01-08 10:21:52.870632,7:30 AM,5.8,30,0,Skipped,Yes,8:30 AM,3,Sad,Nor usually heart study.
2025-01-09 10:21:52.870632,6:15 AM,6.1,0,0,Protein-rich,Yes,7:15 AM,5,Neutral,Some floor physical speech.
2025-01-10 10:21:52.870632,8:45 AM,8,5,0,Light,No,11:45 AM,7,Happy,Million film inside law good.
2025-01-11 10:21:52.870632,8:45 AM,8.2,5,60,Light,No,9:45 AM,7,Happy,Role rock word can state he until picture.
2025-01-12 10:21:52.870632,9:15 AM,7.1,30,0,Heavy,Yes,11:15 AM,5,Neutral,Generation happy sell be answer.
2025-01-13 10:21:52.870632,4:45 AM,5.6,30,40,Skipped,Yes,6:45 AM,6,Sad,Lot computer instead true plant world.
2025-01-14 10:21:52.870632,6:15 AM,5.5,25,0,Skipped,Yes,7:15 AM,4,Sad,Stock many hundred.
2025-01-15 10:21:52.870632,4:00 AM,6.9,20,30,Protein-rich,Yes,6:00 AM,5,Neutral,Apply then identify every.
2025-01-16 10:21:52.870632,4:15 AM,5.8,25,10,Light,No,5:15 AM,3,Sad,See provide simple plan want road.
2025-01-17 10:21:52.870632,6:15 AM,5.3,0,40,Skipped,Yes,8:15 AM,1,Sad,Act performance word popular.
2025-01-18 10:21:52.870632,5:15 AM,7.4,10,10,Light,Yes,7:15 AM,6,Neutral,Only visit total chance.
2025-01-19 10:21:52.870632,6:30 AM,7.6,30,0,Skipped,Yes,7:30 AM,6,Neutral,Huge themselves street hotel.
2025-01-20 10:21:52.870632,7:30 AM,6.9,10,60,Skipped,Yes,10:30 AM,7,Neutral,Wide down hear real white.
2025-01-21 10:21:52.870632,9:45 AM,5.9,20,30,Carb-rich,No,11:45 AM,3,Sad,Significant fill similar city.
2025-01-22 10:21:52.870632,8:00 AM,7.5,0,10,Light,Yes,9:00 AM,6,Neutral,Herself tell to writer.
2025-01-23 10:21:52.870632,7:45 AM,8.3,5,50,Light,No,10:45 AM,9,Happy,Listen store sense name.
2025-01-24 10:21:52.870632,8:15 AM,7,0,20,Heavy,No,9:15 AM,5,Neutral,Determine day minute any history including.
2025-01-25 10:21:52.870632,9:30 AM,7.8,30,0,Skipped,Yes,10:30 AM,8,Happy,Nice arm interest peace trip cause down.
2025-01-26 10:21:52.870632,5:30 AM,5.7,25,20,Skipped,Yes,6:30 AM,3,Sad,Position size speech marriage she.
2025-01-27 10:21:52.870632,7:30 AM,6.4,20,0,Light,Yes,8:30 AM,4,Sad,Piece should return help voice.
2025-01-28 10:21:52.870632,5:30 AM,8.9,5,0,Heavy,No,7:30 AM,9,Happy,Thought standard shake health population.
2025-01-29 10:21:52.870632,5:30 AM,9,5,40,Carb-rich,No,7:30 AM,10,Happy,Rich court believe area often religious section unit.
2025-01-30 10:21:52.870632,7:15 AM,5,25,40,Skipped,No,8:15 AM,4,Sad,Fear guess opportunity central administration executive.
2025-01-31 10:21:52.870632,4:30 AM,8.6,20,50,Protein-rich,No,6:30 AM,10,Happy,Pull door thousand hotel authority.
2025-02-01 10:21:52.870632,5:00 AM,8.4,15,60,Protein-rich,No,6:00 AM,7,Happy,Spend individual national card.
2025-02-02 10:21:52.870632,5:00 AM,7.6,15,60,Carb-rich,No,7:00 AM,6,Neutral,Perhaps ready avoid several see few thing.
2025-02-03 10:21:52.870632,4:30 AM,7.4,5,50,Heavy,No,5:30 AM,8,Happy,White represent own model reveal.
2025-02-04 10:21:52.870632,9:00 AM,5.4,15,40,Heavy,No,11:00 AM,6,Sad,Source chance important include event wife car.
2025-02-05 10:21:52.870632,4:45 AM,5.5,30,50,Light,No,7:45 AM,4,Sad,Former important identify before structure.
2025-02-06 10:21:52.870632,8:30 AM,8.5,5,50,Light,Yes,11:30 AM,7,Happy,Five yourself growth allow.
2025-02-07 10:21:52.870632,7:00 AM,6,10,60,Protein-rich,No,10:00 AM,7,Neutral,Against sing home.
2025-02-08 10:21:52.870632,4:45 AM,8.7,20,50,Carb-rich,No,5:45 AM,9,Happy,See bill mother foreign home yard.
2025-02-09 10:21:52.870632,4:45 AM,8.5,5,30,Light,Yes,6:45 AM,8,Happy,Develop box together set phone deal feeling.
2025-02-10 10:21:52.870632,6:30 AM,7.8,5,30,Protein-rich,Yes,9:30 AM,9,Happy,Market financial increase star.
2025-02-11 10:21:52.870632,5:45 AM,7.4,25,60,Light,No,6:45 AM,6,Neutral,Result buy state yet music.
2025-02-12 10:21:52.870632,6:15 AM,8,30,60,Light,Yes,9:15 AM,8,Happy,Write day animal maybe.
2025-02-13 10:21:52.870632,8:45 AM,8.4,30,0,Heavy,No,11:45 AM,9,Happy,Hard year draw whom.
2025-02-14 10:21:52.870632,4:30 AM,7.4,10,50,Skipped,Yes,7:30 AM,7,Happy,State at rather feeling color TV raise.
2025-02-15 10:21:52.870632,7:45 AM,7.9,30,60,Heavy,No,10:45 AM,9,Happy,Pattern everyone rule central.
2025-02-16 10:21:52.870632,8:00 AM,6.5,25,10,Heavy,No,10:00 AM,7,Neutral,Pass generation animal pretty suggest pull.
2025-02-17 10:21:52.870632,4:45 AM,8.4,20,60,Protein-rich,No,6:45 AM,8,Happy,Specific director hand magazine think improve late they.
2025-02-18 10:21:52.870632,7:45 AM,6.4,25,0,Protein-rich,Yes,9:45 AM,6,Neutral,Live base watch happen attention.
2025-02-19 10:21:52.870632,8:30 AM,6.5,0,60,Skipped,Yes,9:30 AM,4,Sad,Question American put agreement.
2025-02-20 10:21:52.870632,4:30 AM,6.4,15,50,Carb-rich,No,5:30 AM,4,Sad,Though behind land speech start.
2025-02-21 10:21:52.870632,8:15 AM,7.7,5,40,Carb-rich,No,9:15 AM,7,Happy,Forward west above great box rate.
2025-02-22 10:21:52.870632,6:00 AM,6.5,5,0,Light,Yes,7:00 AM,3,Sad,Mission notice peace notice power.
2025-02-23 10:21:52.870632,5:15 AM,7.7,10,10,Heavy,No,6:15 AM,5,Neutral,Million improve billion general vote.
2025-02-24 10:21:52.870632,8:45 AM,5.1,25,60,Skipped,Yes,9:45 AM,2,Sad,Recently computer without old local his kid politics.
2025-02-25 10:21:52.870632,8:30 AM,6.2,10,40,Carb-rich,Yes,10:30 AM,7,Neutral,Table everybody challenge green ability for two bed.
2025-02-26 10:21:52.870632,9:45 AM,8.8,30,50,Skipped,No,11:45 AM,8,Happy,Radio cause your book include camera.
2025-02-27 10:21:52.870632,9:30 AM,7.1,10,10,Carb-rich,No,11:30 AM,5,Neutral,Administration ahead include thing manager.
2025-02-28 10:21:52.870632,4:45 AM,7.6,15,0,Protein-rich,Yes,6:45 AM,5,Neutral,Everyone full set likely evening maintain.
2025-03-01 10:21:52.870632,5:00 AM,6.9,0,50,Heavy,Yes,6:00 AM,4,Sad,Range analysis push company model nature bar.
2025-03-02 10:21:52.870632,4:30 AM,6.3,10,10,Protein-rich,No,5:30 AM,3,Sad,Through environment me until forget ok success.
2025-03-03 10:21:52.870632,6:30 AM,6.5,30,40,Protein-rich,No,9:30 AM,7,Neutral,Into home other run happen join food far.
2025-03-04 10:21:52.870632,8:30 AM,6.5,20,40,Skipped,No,11:30 AM,4,Sad,Almost throw nothing reflect.
2025-03-05 10:21:52.870632,5:45 AM,5.5,0,30,Light,No,8:45 AM,5,Sad,Raise develop question sure budget government piece list.
2025-03-06 10:21:52.870632,7:00 AM,6.3,15,10,Light,No,8:00 AM,5,Neutral,Campaign kid including remember.
2025-03-07 10:21:52.870632,8:15 AM,8.8,15,30,Carb-rich,No,10:15 AM,8,Happy,Push sea its why.
2025-03-08 10:21:52.870632,4:00 AM,5.2,5,60,Carb-rich,No,7:00 AM,3,Sad,Everyone water public three whatever.
2025-03-09 10:21:52.870632,7:45 AM,6,20,20,Skipped,No,9:45 AM,5,Neutral,Significant standard forget capital bank age.
2025-03-10 10:21:52.870632,4:45 AM,6.2,30,0,Carb-rich,Yes,5:45 AM,6,Neutral,Vote success level.
2025-03-11 10:21:52.870632,6:00 AM,7,0,30,Carb-rich,Yes,7:00 AM,7,Happy,Back opportunity leader everything.
2025-03-12 10:21:52.870632,6:30 AM,7.2,25,0,Skipped,Yes,8:30 AM,4,Sad,Learn table stand forward.
2025-03-13 10:21:52.870632,8:45 AM,7,0,20,Light,Yes,10:45 AM,4,Sad,Data security reason local.
2025-03-14 10:21:52.870632,9:15 AM,6.2,20,50,Protein-rich,Yes,11:15 AM,4,Sad,Goal choose when particular real region.
2025-03-15 10:21:52.870632,9:45 AM,8.6,10,50,Carb-rich,No,10:45 AM,9,Happy,Stage until although.
2025-03-16 10:21:52.870632,9:00 AM,5,0,60,Carb-rich,No,12:00 PM,2,Sad,From nice cover appear.
2025-03-17 10:21:52.870632,6:00 AM,5.3,20,30,Skipped,Yes,7:00 AM,6,Sad,Music I report find win interesting policy.
2025-03-18 10:21:52.870632,9:45 AM,5.8,25,20,Skipped,Yes,12:45 PM,4,Sad,Point pattern huge during school.
2025-03-19 10:21:52.870632,8:00 AM,8.5,20,0,Heavy,Yes,11:00 AM,8,Happy,Get sport year stand soldier.
2025-03-20 10:21:52.870632,9:00 AM,8.8,20,30,Light,Yes,10:00 AM,8,Happy,Religious discussion culture.
2025-03-21 10:21:52.870632,4:45 AM,7.8,25,20,Protein-rich,Yes,5:45 AM,5,Neutral,Yard memory high community human foreign act professional.
2025-03-22 10:21:52.870632,7:45 AM,7.4,15,50,Heavy,Yes,8:45 AM,5,Neutral,State manage part lose those plant.
2025-03-23 10:21:52.870632,9:45 AM,5.5,20,40,Skipped,No,11:45 AM,4,Sad,Cup rise star act.
2025-03-24 10:21:52.870632,5:15 AM,8.6,5,0,Skipped,Yes,7:15 AM,7,Happy,Section along opportunity health land.
2025-03-25 10:21:52.870632,6:30 AM,5.4,5,20,Carb-rich,Yes,9:30 AM,3,Sad,Try free table shake.
2025-03-26 10:21:52.870632,5:30 AM,8.8,30,30,Light,No,6:30 AM,9,Happy,Great glass very kind product.
2025-03-27 10:21:52.870632,4:15 AM,6,25,20,Protein-rich,Yes,5:15 AM,4,Sad,Box serve special society head great just sense.
2025-03-28 10:21:52.870632,4:15 AM,7.3,15,20,Skipped,Yes,7:15 AM,6,Neutral,Show edge keep best between.
2025-03-29 10:21:52.870632,5:00 AM,5.6,10,50,Light,Yes,7:00 AM,4,Sad,Operation friend enough dog much.
2025-03-30 10:21:52.870632,9:00 AM,5.4,5,30,Heavy,Yes,12:00 PM,6,Sad,Pretty occur at adult natural responsibility media attention.
2025-03-31 10:21:52.870632,4:45 AM,6.3,30,30,Light,No,7:45 AM,6,Neutral,Campaign stuff perhaps involve.
2025-04-01 10:21:52.870632,5:15 AM,7,10,40,Light,Yes,7:15 AM,8,Happy,Might ability product old.
2025-04-02 10:21:52.870632,6:00 AM,7.9,5,50,Light,No,8:00 AM,6,Neutral,Throughout notice week forget trade.
2025-04-03 10:21:52.870632,7:45 AM,8,30,10,Protein-rich,Yes,10:45 AM,7,Happy,Issue compare politics either direction yet.
2025-04-04 10:21:52.870632,9:30 AM,6.7,10,60,Light,No,11:30 AM,8,Neutral,Join major growth than factor deep apply.
2025-04-05 10:21:52.870632,7:15 AM,5.8,15,30,Skipped,No,9:15 AM,5,Sad,Response beyond term lay candidate whose rule.
2025-04-06 10:21:52.870632,9:15 AM,8.6,15,50,Light,No,11:15 AM,9,Happy,Whether two community officer full.
2025-04-07 10:21:52.870632,8:45 AM,9,5,60,Carb-rich,Yes,9:45 AM,10,Happy,Stock outside would ago describe.
2025-04-08 10:21:52.870632,9:45 AM,7.6,20,40,Protein-rich,No,11:45 AM,9,Happy,Still political design.
2025-04-09 10:21:52.870632,7:00 AM,5.5,20,50,Carb-rich,Yes,10:00 AM,6,Sad,Human cause executive trade region within poor.
2025-04-10 10:21:52.870632,4:00 AM,7.2,0,30,Skipped,No,7:00 AM,5,Neutral,Alone culture build finally join security tree.
2025-04-11 10:21:52.870632,5:00 AM,6.9,0,0,Heavy,No,8:00 AM,5,Neutral,There write between fund film use whom.
2025-04-12 10:21:52.870632,7:00 AM,8.8,20,0,Light,Yes,9:00 AM,9,Happy,Beyond realize may service plan history.
2025-04-13 10:21:52.870632,8:45 AM,6.9,20,30,Light,No,11:45 AM,8,Neutral,Response side those somebody.
2025-04-14 10:21:52.870632,9:30 AM,7.4,10,0,Light,No,12:30 PM,8,Happy,Hand goal laugh light suggest source political market.
2025-04-15 10:21:52.870632,8:00 AM,8.4,25,30,Light,Yes,10:00 AM,8,Happy,Low year from site appear growth.
2025-04-16 10:21:52.870632,8:15 AM,8.2,10,30,Carb-rich,No,10:15 AM,7,Happy,Media room society view a senior.
2025-04-17 10:21:52.870632,4:30 AM,8.5,5,0,Protein-rich,No,7:30 AM,9,Happy,Term may whether family peace change share total.
2025-04-18 10:21:52.870632,7:15 AM,6.5,5,40,Carb-rich,No,10:15 AM,7,Neutral,Present particularly foreign west fight billion production.
2025-04-19 10:21:52.870632,7:15 AM,7.2,10,40,Skipped,No,10:15 AM,5,Neutral,After suddenly statement drug anything.
2025-04-20 10:21:52.870632,7:30 AM,6.9,25,50,Light,Yes,9:30 AM,5,Neutral,Woman her some throughout meet why join agree.
2025-04-21 10:21:52.870632,7:15 AM,7.3,5,0,Skipped,Yes,10:15 AM,5,Neutral,Simply too them truth stand million growth career.
2025-04-22 10:21:52.870632,4:15 AM,5.7,25,20,Heavy,No,6:15 AM,3,Sad,Computer hot new ok today trip.
2025-04-23 10:21:52.870632,4:15 AM,5.8,5,10,Carb-rich,Yes,6:15 AM,3,Sad,Learn century task trial government population.
2025-04-24 10:21:52.870632,9:00 AM,8.6,15,40,Carb-rich,Yes,10:00 AM,9,Happy,Opportunity current option add.
2025-04-25 10:21:52.870632,7:45 AM,5.3,5,0,Protein-rich,No,9:45 AM,2,Sad,Pay large share blue business both central.
2025-04-26 10:21:52.870632,9:15 AM,8.2,5,60,Carb-rich,No,12:15 PM,10,Happy,Ten card growth state page against budget any.
2025-04-27 10:21:52.870632,7:30 AM,9,0,40,Light,No,10:30 AM,7,Happy,Push method hold.
2025-04-28 10:21:52.870632,5:15 AM,5.8,20,40,Carb-rich,No,7:15 AM,3,Sad,Quickly total worry fight billion general will ready.
2025-04-29 10:21:52.870632,9:00 AM,5.9,10,50,Protein-rich,No,11:00 AM,4,Sad,Laugh term usually able.
2025-04-30 10:21:52.870632,8:45 AM,6.3,5,0,Protein-rich,Yes,11:45 AM,6,Neutral,Perform base true near country.
2025-05-01 10:21:52.870632,6:15 AM,5.9,10,0,Protein-rich,Yes,7:15 AM,5,Sad,Chance against girl fast style professional create worker.
2025-05-02 10:21:52.870632,5:45 AM,5.8,25,10,Protein-rich,No,7:45 AM,3,Sad,Appear buy kitchen watch beyond yourself open charge.
2025-05-03 10:21:52.870632,6:15 AM,6.6,0,40,Skipped,No,8:15 AM,6,Neutral,Go job eat paper letter.
2025-05-04 10:21:52.870632,8:15 AM,6.3,15,0,Light,No,9:15 AM,4,Sad,Room these probably yourself government think.
2025-05-05 10:21:52.870632,4:30 AM,8.9,15,30,Skipped,Yes,5:30 AM,9,Happy,Operation herself vote blue over.
2025-05-06 10:21:52.870632,7:00 AM,8.9,5,30,Light,No,9:00 AM,9,Happy,Father music consumer billion painting particular again.
2025-05-07 10:21:52.870632,5:15 AM,7.1,20,0,Light,No,8:15 AM,5,Neutral,Different heart lead study.
2025-05-08 10:21:52.870632,6:45 AM,7.1,0,20,Light,No,8:45 AM,3,Sad,Policy employee require suddenly.
2025-05-09 10:21:52.870632,7:00 AM,5.2,30,50,Skipped,Yes,8:00 AM,2,Sad,Foot dark particular for choice environment.
2025-05-10 10:21:52.870632,6:30 AM,8.7,30,20,Light,Yes,7:30 AM,8,Happy,Amount though camera relationship.
2025-05-11 10:21:52.870632,5:00 AM,8.5,20,30,Light,No,6:00 AM,9,Happy,Turn skin tough record agent positive administration thing.
2025-05-12 10:21:52.870632,7:45 AM,8.7,5,40,Skipped,Yes,10:45 AM,9,Happy,Serve people nation dog probably.
2025-05-13 10:21:52.870632,5:45 AM,5.9,0,30,Protein-rich,No,8:45 AM,5,Sad,Light spring peace difference.
2025-05-14 10:21:52.870632,6:00 AM,6.6,15,40,Heavy,Yes,8:00 AM,7,Neutral,Charge rich discuss city door vote.
2025-05-15 10:21:52.870632,8:45 AM,8.4,30,40,Carb-rich,No,10:45 AM,8,Happy,Guess cause religious night record nice central month.
2025-05-16 10:21:52.870632,9:15 AM,8,15,40,Carb-rich,No,10:15 AM,7,Happy,She run scientist line stay top man.
2025-05-17 10:21:52.870632,5:30 AM,5.9,20,20,Carb-rich,Yes,8:30 AM,4,Sad,I yeah security sea work price.
2025-05-18 10:21:52.870632,8:45 AM,5.1,0,40,Protein-rich,No,9:45 AM,4,Sad,Rise something doctor instead develop art.
2025-05-19 10:21:52.870632,8:45 AM,6.7,15,50,Heavy,Yes,9:45 AM,5,Neutral,Impact everybody family statement describe.
2025-05-20 10:21:52.870632,9:15 AM,8.3,0,10,Light,Yes,11:15 AM,7,Happy,Safe true data.
2025-05-21 10:21:52.870632,4:30 AM,7.7,20,0,Skipped,No,6:30 AM,7,Happy,Walk throw record writer move likely.
2025-05-22 10:21:52.870632,4:00 AM,7.5,20,20,Skipped,No,6:00 AM,7,Happy,Shake ready type save.
2025-05-23 10:21:52.870632,8:45 AM,6.2,25,10,Light,Yes,10:45 AM,3,Sad,Pretty put maybe back fill.
2025-05-24 10:21:52.870632,8:45 AM,5.7,30,40,Light,Yes,11:45 AM,5,Sad,Allow glass leg edge behind during raise base.
2025-05-25 10:21:52.870632,7:15 AM,7.6,15,50,Protein-rich,Yes,9:15 AM,8,Happy,Less how gun research analysis.
2025-05-26 10:21:52.870632,5:30 AM,7.5,5,40,Skipped,Yes,8:30 AM,7,Happy,Spring nature those media carry customer.
2025-05-27 10:21:52.870632,4:00 AM,6.2,30,30,Skipped,Yes,6:00 AM,4,Sad,Full activity central current collection artist.
2025-05-28 10:21:52.870632,6:45 AM,7.7,15,0,Carb-rich,No,7:45 AM,8,Happy,Long more decide break.
2025-05-29 10:21:52.870632,5:30 AM,6.9,30,20,Skipped,No,7:30 AM,7,Neutral,Fight keep where list.
2025-05-30 10:21:52.870632,6:45 AM,7.5,5,0,Light,Yes,7:45 AM,8,Happy,Without type mind remember line security a.
2025-05-31 10:21:52.870632,4:30 AM,5.6,20,10,Skipped,No,6:30 AM,4,Sad,Buy show upon certain resource little.
2025-06-01 10:21:52.870632,6:30 AM,8.2,25,60,Carb-rich,Yes,7:30 AM,7,Happy,Pay us cultural ready.
2025-06-02 10:21:52.870632,9:30 AM,8.9,10,40,Heavy,No,10:30 AM,9,Happy,Explain deep cut think.
2025-06-03 10:21:52.870632,8:15 AM,6.8,10,20,Heavy,Yes,9:15 AM,4,Sad,Than material development coach rise college data.
2025-06-04 10:21:52.870632,8:30 AM,7.7,5,0,Heavy,Yes,11:30 AM,6,Neutral,Picture second table population which benefit way.
2025-06-05 10:21:52.870632,6:00 AM,9,20,20,Heavy,Yes,7:00 AM,9,Happy,Offer upon always.
2025-06-06 10:21:52.870632,9:15 AM,6.2,5,0,Protein-rich,No,11:15 AM,4,Sad,Culture history degree friend live huge.
2025-06-07 10:21:52.870632,7:15 AM,5,0,60,Skipped,No,9:15 AM,2,Sad,Business will study picture necessary show serious.
2025-06-08 10:21:52.870632,7:15 AM,6.3,25,40,Light,No,8:15 AM,5,Neutral,Energy argue become book world.
2025-06-09 10:21:52.870632,5:15 AM,8.9,15,30,Heavy,Yes,8:15 AM,10,Happy,Heavy some middle million Congress.
2025-06-10 10:21:52.870632,8:00 AM,5.1,0,0,Light,No,11:00 AM,3,Sad,Among college edge ago.
2025-06-11 10:21:52.870632,6:30 AM,5.9,5,30,Heavy,No,9:30 AM,4,Sad,Sit member so strong final year.
2025-06-12 10:21:52.870632,6:30 AM,5.3,15,0,Light,No,8:30 AM,4,Sad,Tell couple gun worker happen question.
2025-06-13 10:21:52.870632,8:00 AM,8.3,30,10,Light,Yes,11:00 AM,9,Happy,Company behavior cost entire daughter true.
2025-06-14 10:21:52.870632,7:00 AM,5.6,0,50,Carb-rich,Yes,8:00 AM,4,Sad,Role money poor.
2025-06-15 10:21:52.870632,9:30 AM,6.5,30,40,Protein-rich,No,12:30 PM,7,Neutral,Wrong at ever direction.
2025-06-16 10:21:52.870632,5:30 AM,6.6,10,20,Light,Yes,8:30 AM,3,Sad,Point approach own compare research.
2025-06-17 10:21:52.870632,4:45 AM,6.7,15,40,Light,Yes,7:45 AM,5,Neutral,Add base interview wait week.
2025-06-18 10:21:52.870632,9:15 AM,5.9,25,30,Carb-rich,Yes,12:15 PM,3,Sad,Difficult know everything mother.
2025-06-19 10:21:52.870632,5:30 AM,5.6,10,30,Light,No,6:30 AM,5,Sad,Whose or yet reason customer.
2025-06-20 10:21:52.870632,9:30 AM,8,25,30,Heavy,No,10:30 AM,7,Happy,White style follow stuff several no.
2025-06-21 10:21:52.870632,8:45 AM,7.3,10,10,Light,Yes,10:45 AM,6,Neutral,Country skill identify charge decision.
2025-06-22 10:21:52.870632,5:15 AM,5.8,15,10,Heavy,No,8:15 AM,4,Sad,Somebody cause cost sign.
2025-06-23 10:21:52.870632,7:30 AM,6.7,30,50,Skipped,Yes,9:30 AM,6,Neutral,Bit from fill top impact radio.
2025-06-24 10:21:52.870632,6:30 AM,8.3,0,30,Skipped,Yes,9:30 AM,6,Neutral,Entire bill shake rest those.
2025-06-25 10:21:52.870632,6:15 AM,7.1,20,10,Heavy,No,8:15 AM,7,Happy,Include Mrs information matter national.
2025-06-26 10:21:52.870632,6:45 AM,8.5,20,40,Light,No,7:45 AM,10,Happy,Near subject behind significant about use marriage dinner.
2025-06-27 10:21:52.870632,7:15 AM,5.5,0,50,Protein-rich,No,8:15 AM,4,Sad,Push customer economic inside worker.
2025-06-28 10:21:52.870632,7:45 AM,6.9,5,50,Light,No,10:45 AM,6,Neutral,Lay add son sell let.
2025-06-29 10:21:52.870632,7:00 AM,7.5,15,50,Light,Yes,9:00 AM,8,Happy,Scene something allow.
2025-06-30 10:21:52.870632,6:45 AM,8.9,20,0,Heavy,Yes,9:45 AM,7,Happy,Item style science tend born challenge.
2025-07-01 10:21:52.870632,7:00 AM,8.5,20,60,Carb-rich,Yes,9:00 AM,8,Happy,Share I movement natural.
2025-07-02 10:21:52.870632,5:15 AM,5.1,25,50,Heavy,Yes,7:15 AM,2,Sad,Meeting fall player agent manage different opportunity.
2025-07-03 10:21:52.870632,8:30 AM,7.4,20,40,Heavy,Yes,9:30 AM,6,Neutral,Feeling source measure unit after.
2025-07-04 10:21:52.870632,8:30 AM,6.1,0,50,Skipped,Yes,9:30 AM,4,Sad,List third model indeed.
2025-07-05 10:21:52.870632,7:45 AM,5.6,20,20,Protein-rich,No,8:45 AM,5,Sad,Why whom have drive way.
2025-07-06 10:21:52.870632,6:30 AM,8.2,0,0,Light,No,8:30 AM,7,Happy,Concern loss still each film find baby.
2025-07-07 10:21:52.870632,7:30 AM,6.2,0,20,Heavy,No,9:30 AM,2,Sad,Deep pay democratic front anyone bar end summer.
2025-07-08 10:21:52.870632,5:45 AM,5.9,15,60,Carb-rich,No,8:45 AM,6,Sad,Begin task discussion often increase resource strong.
2025-07-09 10:21:52.870632,5:30 AM,8.6,30,50,Carb-rich,No,7:30 AM,8,Happy,Dark performance almost care admit course.
2025-07-10 10:21:52.870632,5:30 AM,8.5,5,20,Protein-rich,No,7:30 AM,7,Happy,Relationship husband strategy president.
2025-07-11 10:21:52.870632,8:30 AM,6.1,15,50,Heavy,Yes,11:30 AM,5,Neutral,Never medical prove American learn explain.
2025-07-12 10:21:52.870632,6:00 AM,6.2,5,40,Light,No,8:00 AM,4,Sad,Thank explain foreign trial morning student clearly.
2025-07-13 10:21:52.870632,6:00 AM,8.8,25,30,Light,No,7:00 AM,8,Happy,Political organization close group student.
2025-07-14 10:21:52.870632,5:00 AM,8.1,25,60,Heavy,Yes,8:00 AM,9,Happy,Kind continue bed high lawyer certainly key.
2025-07-15 10:21:52.870632,8:15 AM,5.1,10,20,Light,No,11:15 AM,5,Sad,Run sort political factor protect guess during.
2025-07-16 10:21:52.870632,6:30 AM,7.4,20,10,Light,No,9:30 AM,5,Neutral,Ever read pick.
2025-07-17 10:21:52.870632,7:30 AM,8.1,0,50,Light,No,8:30 AM,6,Neutral,Small international discover ball.
2025-07-18 10:21:52.870632,8:00 AM,7.2,25,10,Protein-rich,Yes,10:00 AM,7,Happy,Security relate once maintain.
2025-07-19 10:21:52.870632,7:30 AM,6.3,5,40,Skipped,No,10:30 AM,6,Neutral,Popular produce number discussion.
